-- MySQL dump 10.13  Distrib 8.0.45, for Win64 (x86_64)
--
-- Host: localhost    Database: charging_station
-- ------------------------------------------------------
-- Server version	8.0.45

/*!40101 SET @OLD_CHARACTER_SET_CLIENT=@@CHARACTER_SET_CLIENT */;
/*!40101 SET @OLD_CHARACTER_SET_RESULTS=@@CHARACTER_SET_RESULTS */;
/*!40101 SET @OLD_COLLATION_CONNECTION=@@COLLATION_CONNECTION */;
/*!50503 SET NAMES utf8mb4 */;
/*!40103 SET @OLD_TIME_ZONE=@@TIME_ZONE */;
/*!40103 SET TIME_ZONE='+00:00' */;
/*!40014 SET @OLD_UNIQUE_CHECKS=@@UNIQUE_CHECKS, UNIQUE_CHECKS=0 */;
/*!40014 SET @OLD_FOREIGN_KEY_CHECKS=@@FOREIGN_KEY_CHECKS, FOREIGN_KEY_CHECKS=0 */;
/*!40101 SET @OLD_SQL_MODE=@@SQL_MODE, SQL_MODE='NO_AUTO_VALUE_ON_ZERO' */;
/*!40111 SET @OLD_SQL_NOTES=@@SQL_NOTES, SQL_NOTES=0 */;

--
-- Table structure for table `access_application`
--

DROP TABLE IF EXISTS `access_application`;
/*!40101 SET @saved_cs_client     = @@character_set_client */;
/*!50503 SET character_set_client = utf8mb4 */;
CREATE TABLE `access_application` (
  `id` bigint NOT NULL AUTO_INCREMENT COMMENT '??ID',
  `application_no` varchar(50) NOT NULL COMMENT '????',
  `operator_id` bigint NOT NULL COMMENT '???ID',
  `station_id` bigint NOT NULL COMMENT '??ID',
  `station_name` varchar(100) DEFAULT NULL COMMENT '????',
  `station_address` varchar(255) DEFAULT NULL COMMENT '????',
  `device_summary` varchar(500) DEFAULT NULL COMMENT '??????',
  `total_devices` int DEFAULT NULL COMMENT '?????',
  `dc_fast_count` int DEFAULT NULL COMMENT '??????',
  `ac_slow_count` int DEFAULT NULL COMMENT '??????',
  `v2g_count` int DEFAULT NULL COMMENT 'V2G??',
  `contact_person` varchar(50) DEFAULT NULL COMMENT '???',
  `contact_phone` varchar(20) DEFAULT NULL COMMENT '????',
  `application_time` datetime DEFAULT CURRENT_TIMESTAMP COMMENT '????',
  `audit_status` tinyint DEFAULT '0' COMMENT '????: 0-??? 1-??? 2-???',
  `audit_opinion` varchar(500) DEFAULT NULL COMMENT '????',
  `auditor_id` bigint DEFAULT NULL COMMENT '???ID',
  `audit_time` datetime DEFAULT NULL COMMENT '????',
  `create_time` datetime DEFAULT CURRENT_TIMESTAMP COMMENT '????',
  `update_time` datetime DEFAULT CURRENT_TIMESTAMP ON UPDATE CURRENT_TIMESTAMP COMMENT '????',
  PRIMARY KEY (`id`),
  UNIQUE KEY `application_no` (`application_no`),
  KEY `idx_application_no` (`application_no`),
  KEY `idx_operator_id` (`operator_id`),
  KEY `idx_audit_status` (`audit_status`),
  KEY `idx_application_time` (`application_time`)
) ENGINE=InnoDB AUTO_INCREMENT=50 DEFAULT CHARSET=utf8mb4 COLLATE=utf8mb4_0900_ai_ci COMMENT='???????';
/*!40101 SET character_set_client = @saved_cs_client */;

--
-- Dumping data for table `access_application`
--

LOCK TABLES `access_application` WRITE;
/*!40000 ALTER TABLE `access_application` DISABLE KEYS */;
INSERT INTO `access_application` VALUES (26,'APP20260501001',1,13,'南山后海充电站','深圳市南山区后海大道8000号','充电桩12台，其中V2G桩3台',12,6,4,2,'张经理','13800138001','2026-05-01 08:30:00',0,NULL,NULL,NULL,'2026-05-01 08:30:00','2026-05-01 08:30:00'),(27,'APP20260502002',1,14,'蛇口港充电站','深圳市南山区蛇口港前路300号','充电桩8台，全部为直流快充',8,8,0,0,'李主管','13800138011','2026-05-02 10:15:00',0,NULL,NULL,NULL,'2026-05-02 10:15:00','2026-05-02 10:15:00'),(28,'APP20260502003',2,15,'福田保税区充电站','深圳市福田区保税区桂花路1号','充电桩15台，V2G桩5台',15,8,3,4,'周经理','13800138012','2026-05-02 14:00:00',0,NULL,NULL,NULL,'2026-05-02 14:00:00','2026-05-02 14:00:00'),(29,'APP20260503004',3,16,'宝安机场充电站','深圳市宝安区机场南路500号','充电桩20台，含光储充一体设备',20,12,4,4,'郑经理','13800138013','2026-05-03 09:00:00',0,NULL,NULL,NULL,'2026-05-03 09:00:00','2026-05-03 09:00:00'),(30,'APP20260503005',4,17,'罗湖翠竹充电站','深圳市罗湖区翠竹路3000号','充电桩10台，V2G桩2台',10,5,3,2,'陈经理','13800138009','2026-05-03 10:45:00',0,NULL,NULL,NULL,'2026-05-03 10:45:00','2026-05-03 10:45:00'),(31,'APP20260503006',5,18,'龙岗中心城充电站','深圳市龙岗区龙城街道龙翔大道8000号','充电桩25台，V2G桩5台，含换电设施',25,15,5,5,'钱经理','13800138014','2026-05-03 11:30:00',0,NULL,NULL,NULL,'2026-05-03 11:30:00','2026-05-03 11:30:00'),(32,'APP20260503007',6,19,'龙华民治充电站','深圳市龙华区民治街道梅龙路2000号','充电桩6台，品牌专属快充',6,4,2,0,'孙经理','13800138006','2026-05-03 14:20:00',0,NULL,NULL,NULL,'2026-05-03 14:20:00','2026-05-03 14:20:00'),(33,'APP20260503008',7,20,'光明新城充电站','深圳市光明区光明大道1000号','充电桩8台，含换电站',8,4,2,2,'周经理','13800138007','2026-05-03 15:00:00',0,NULL,NULL,NULL,'2026-05-03 15:00:00','2026-05-03 15:00:00'),(34,'APP20260503009',8,21,'坪山比亚迪工业园充电站','深圳市坪山区比亚迪路300号','充电桩30台，含V2G桩10台，光储充一体',30,16,4,10,'吴经理','13800138015','2026-05-03 16:10:00',0,NULL,NULL,NULL,'2026-05-03 16:10:00','2026-05-03 16:10:00'),(35,'APP20260503010',3,22,'宝安福永充电站','深圳市宝安区福永街道福海大道800号','充电桩9台，V2G桩2台',9,5,2,2,'郑经理','13800138013','2026-05-03 17:30:00',0,NULL,NULL,NULL,'2026-05-03 17:30:00','2026-05-03 17:30:00'),(36,'APP20260425001',1,23,'南山留仙洞充电站','深圳市南山区留仙洞总部基地A区','充电桩16台，V2G桩3台',16,8,5,3,'赵总监','13800138016','2026-04-25 09:00:00',1,'资料齐全，符合接入标准，予以通过',1,'2026-04-26 15:30:00','2026-04-25 09:00:00','2026-04-26 15:30:00'),(37,'APP20260426002',2,24,'福田沙头充电站','深圳市福田区沙头街道新沙路500号','充电桩12台，V2G桩4台',12,6,2,4,'吴经理','13800138017','2026-04-26 10:30:00',1,'设备配置合理，区域需求评估通过',1,'2026-04-28 09:15:00','2026-04-26 10:30:00','2026-04-28 09:15:00'),(38,'APP20260427003',5,25,'龙岗大运充电站','深圳市龙岗区龙城街道大运路200号','充电桩20台，含V2G桩5台',20,12,3,5,'钱经理','13800138014','2026-04-27 11:00:00',1,'大运片区需求旺盛，同意接入',1,'2026-04-29 14:00:00','2026-04-27 11:00:00','2026-04-29 14:00:00'),(39,'APP20260428004',8,26,'龙岗坂田充电站','深圳市龙岗区坂田街道坂雪岗大道600号','充电桩18台，V2G桩6台',18,10,2,6,'吴经理','13800138015','2026-04-28 08:45:00',1,'比亚迪品牌场站，配套设施完善',1,'2026-04-30 10:30:00','2026-04-28 08:45:00','2026-04-30 10:30:00'),(40,'APP20260429005',3,27,'宝安石岩充电站','深圳市宝安区石岩街道宝石路100号','充电桩14台',14,8,6,0,'冯主管','13800138018','2026-04-29 13:20:00',1,'石岩片区充电缺口较大，优先通过',1,'2026-04-30 16:45:00','2026-04-29 13:20:00','2026-04-30 16:45:00'),(41,'APP20260430006',1,28,'南山科技园二期充电站','深圳市南山区粤海街道科技南路100号','充电桩10台，全部为V2G桩',10,0,0,10,'张经理','13800138001','2026-04-30 10:00:00',1,'V2G示范项目，予以通过并优先支持',1,'2026-05-01 11:20:00','2026-04-30 10:00:00','2026-05-01 11:20:00'),(42,'APP20260501007',6,29,'龙华观澜充电站','深圳市龙华区观澜街道观光路3000号','充电桩7台，小鹏超快充',7,5,2,0,'孙经理','13800138006','2026-05-01 09:30:00',1,'资料审核通过，允许接入',1,'2026-05-02 09:00:00','2026-05-01 09:30:00','2026-05-02 09:00:00'),(43,'APP20260502008',7,30,'盐田港充电站','深圳市盐田区盐田街道盐田港后方陆域','充电桩11台，含换电站1座',11,6,3,2,'周经理','13800138007','2026-05-02 08:15:00',1,'港口物流车辆充电需求大，批准接入',1,'2026-05-03 08:30:00','2026-05-02 08:15:00','2026-05-03 08:30:00'),(44,'APP20260420001',4,31,'罗湖东门充电站','深圳市罗湖区东门街道东门中路500号','充电桩6台',6,4,2,0,'陈经理','13800138009','2026-04-20 14:00:00',2,'场地不符合安全规范要求，消防设施不达标',1,'2026-04-22 10:30:00','2026-04-20 14:00:00','2026-04-22 10:30:00'),(45,'APP20260422002',4,32,'罗湖黄贝岭充电站','深圳市罗湖区黄贝街道黄贝路88号','充电桩4台',4,2,2,0,'楚经理','13800138010','2026-04-22 09:45:00',2,'运营商资质未通过年审，暂不批准新站点接入',1,'2026-04-24 16:00:00','2026-04-22 09:45:00','2026-04-24 16:00:00'),(46,'APP20260425003',3,33,'宝安松岗充电站','深圳市宝安区松岗街道松白路200号','充电桩8台，V2G桩2台',8,4,2,2,'郑经理','13800138013','2026-04-25 16:30:00',2,'电网容量不足，需等待区域电网升级后再申请',1,'2026-04-27 13:45:00','2026-04-25 16:30:00','2026-04-27 13:45:00'),(47,'APP20260428005',2,34,'福田梅林充电站','深圳市福田区梅林街道梅华路300号','充电桩10台',10,6,4,0,'孙经理','13800138019','2026-04-28 11:15:00',2,'申请材料中设备型号与备案信息不符，请核实后重新提交',1,'2026-04-30 09:30:00','2026-04-28 11:15:00','2026-04-30 09:30:00'),(48,'APP20260419001',1,35,'南山前海自贸区充电站','深圳市南山区前海自贸区梦海大道500号','充电桩15台，其中V2G桩5台，光储充一体',15,8,2,5,'刘总监','13800138020','2026-04-19 08:00:00',0,NULL,NULL,NULL,'2026-04-19 08:00:00','2026-04-19 08:00:00'),(49,'APP20260418002',5,36,'龙岗布吉充电站','深圳市龙岗区布吉街道布龙路1000号','充电桩13台，V2G桩3台',13,7,3,3,'钱经理','13800138014','2026-04-18 09:30:00',0,NULL,NULL,NULL,'2026-04-18 09:30:00','2026-04-18 09:30:00');
/*!40000 ALTER TABLE `access_application` ENABLE KEYS */;
UNLOCK TABLES;

--
-- Table structure for table `alarm`
--

DROP TABLE IF EXISTS `alarm`;
/*!40101 SET @saved_cs_client     = @@character_set_client */;
/*!50503 SET character_set_client = utf8mb4 */;
CREATE TABLE `alarm` (
  `id` bigint NOT NULL AUTO_INCREMENT COMMENT '告警ID',
  `alarm_no` varchar(50) NOT NULL COMMENT '告警编号',
  `alarm_type` tinyint NOT NULL COMMENT '告警类型',
  `alarm_level` tinyint NOT NULL COMMENT '告警级别: 1-一般 2-重要 3-紧急',
  `device_id` bigint DEFAULT NULL COMMENT '关联设备ID',
  `station_id` bigint NOT NULL COMMENT '场站ID',
  `region_code` varchar(20) DEFAULT NULL COMMENT '区域编码',
  `operator_id` bigint DEFAULT NULL COMMENT '运营商ID',
  `alarm_content` text COMMENT '告警内容',
  `alarm_value` varchar(100) DEFAULT NULL COMMENT '告警值',
  `status` tinyint DEFAULT '0' COMMENT '状态: 0-未处理 1-处理中 2-已处理 3-已忽略',
  `handler_id` bigint DEFAULT NULL COMMENT '处理人ID',
  `handle_time` datetime DEFAULT NULL COMMENT '处理时间',
  `handle_remark` varchar(500) DEFAULT NULL COMMENT '处理备注',
  `create_time` datetime DEFAULT CURRENT_TIMESTAMP COMMENT '告警时间',
  PRIMARY KEY (`id`),
  UNIQUE KEY `alarm_no` (`alarm_no`),
  KEY `idx_device_id` (`device_id`),
  KEY `idx_station_id` (`station_id`),
  KEY `idx_alarm_level` (`alarm_level`),
  KEY `idx_status` (`status`),
  KEY `idx_create_time` (`create_time`),
  KEY `idx_region_code` (`region_code`),
  KEY `idx_operator_id` (`operator_id`)
) ENGINE=InnoDB AUTO_INCREMENT=11 DEFAULT CHARSET=utf8mb4 COLLATE=utf8mb4_0900_ai_ci COMMENT='告警记录表';
/*!40101 SET character_set_client = @saved_cs_client */;

--
-- Dumping data for table `alarm`
--

LOCK TABLES `alarm` WRITE;
/*!40000 ALTER TABLE `alarm` DISABLE KEYS */;
INSERT INTO `alarm` VALUES (1,'ALM20260419001',1,1,1,1,'440305006',1,'充电桩温度过高告警，温度达到85°C，超过安全阈值','85°C',0,NULL,NULL,NULL,'2026-04-19 20:39:27'),(2,'ALM20260419002',1,1,10,5,'440304001',2,'设备电压异常波动，超出允许范围','450V',1,NULL,NULL,NULL,'2026-04-19 20:09:27'),(3,'ALM20260419003',2,2,19,8,'440306001',3,'连续3笔充电订单异常取消','3笔',0,NULL,NULL,NULL,'2026-04-19 19:09:27'),(4,'ALM20260419004',3,3,26,10,'440303003',4,'设备固件版本过低，建议升级至最新版本','v1.2',2,NULL,NULL,NULL,'2026-04-19 18:09:27'),(5,'ALM20260419005',1,2,4,2,'440305005',1,'充电功率异常波动，最大波动达到20%','20%',1,NULL,NULL,NULL,'2026-04-19 17:09:27'),(6,'ALM20260419006',2,2,14,6,'440304005',2,'网络通信中断，设备离线超过30分钟','30min',0,NULL,NULL,NULL,'2026-04-19 16:09:27'),(7,'ALM20260419007',1,1,19,8,'440306001',3,'设备接地异常，存在安全隐患','异常',2,NULL,NULL,NULL,'2026-04-19 15:09:27'),(8,'ALM20260419008',3,3,7,3,'440305002',1,'充电桩运行日志异常，建议检查','ERROR',2,NULL,NULL,NULL,'2026-04-19 13:09:27'),(9,'ALM20260419009',2,2,16,7,'440304004',2,'设备响应时间过长，超过正常阈值','5s',2,NULL,NULL,NULL,'2026-04-19 11:09:27'),(10,'ALM20260419010',1,1,8,4,'440305003',1,'充电枪过温保护触发','90°C',2,NULL,NULL,NULL,'2026-04-19 09:09:27');
/*!40000 ALTER TABLE `alarm` ENABLE KEYS */;
UNLOCK TABLES;

--
-- Table structure for table `alarm_escalation_rule`
--

DROP TABLE IF EXISTS `alarm_escalation_rule`;
/*!40101 SET @saved_cs_client     = @@character_set_client */;
/*!50503 SET character_set_client = utf8mb4 */;
CREATE TABLE `alarm_escalation_rule` (
  `id` bigint NOT NULL AUTO_INCREMENT COMMENT '??ID',
  `alarm_level` tinyint NOT NULL COMMENT '????: 1-?? 2-?? 3-??',
  `timeout_minutes` int NOT NULL COMMENT '????(??)',
  `escalation_target_role` varchar(50) DEFAULT NULL COMMENT '??????',
  `notify_method` varchar(100) DEFAULT NULL COMMENT '????: 1-??? 2-?? 3-??',
  `enabled` tinyint DEFAULT '1' COMMENT '????: 0-? 1-?',
  `create_time` datetime DEFAULT CURRENT_TIMESTAMP COMMENT '????',
  `update_time` datetime DEFAULT CURRENT_TIMESTAMP ON UPDATE CURRENT_TIMESTAMP COMMENT '????',
  PRIMARY KEY (`id`),
  KEY `idx_alarm_level` (`alarm_level`)
) ENGINE=InnoDB AUTO_INCREMENT=7 DEFAULT CHARSET=utf8mb4 COLLATE=utf8mb4_0900_ai_ci COMMENT='???????';
/*!40101 SET character_set_client = @saved_cs_client */;

--
-- Dumping data for table `alarm_escalation_rule`
--

LOCK TABLES `alarm_escalation_rule` WRITE;
/*!40000 ALTER TABLE `alarm_escalation_rule` DISABLE KEYS */;
INSERT INTO `alarm_escalation_rule` VALUES (1,1,30,'ADMIN','SMS,EMAIL',1,'2026-04-19 21:09:27','2026-04-19 21:09:27'),(2,1,60,'SUPER_ADMIN','SMS,EMAIL,PHONE',1,'2026-04-19 21:09:27','2026-04-19 21:09:27'),(3,2,60,'ADMIN','SMS,EMAIL',1,'2026-04-19 21:09:27','2026-04-19 21:09:27'),(4,2,120,'SUPER_ADMIN','SMS,EMAIL,PHONE',1,'2026-04-19 21:09:27','2026-04-19 21:09:27'),(5,3,120,'ADMIN','EMAIL',1,'2026-04-19 21:09:27','2026-04-19 21:09:27'),(6,3,240,'SUPER_ADMIN','SMS,EMAIL',1,'2026-04-19 21:09:27','2026-04-19 21:09:27');
/*!40000 ALTER TABLE `alarm_escalation_rule` ENABLE KEYS */;
UNLOCK TABLES;

--
-- Table structure for table `alarm_handling_record`
--

DROP TABLE IF EXISTS `alarm_handling_record`;
/*!40101 SET @saved_cs_client     = @@character_set_client */;
/*!50503 SET character_set_client = utf8mb4 */;
CREATE TABLE `alarm_handling_record` (
  `id` bigint NOT NULL AUTO_INCREMENT COMMENT '??ID',
  `alarm_id` bigint NOT NULL COMMENT '??ID',
  `handling_type` tinyint DEFAULT NULL COMMENT '????: 1-???? 2-???? 3-???? 4-????',
  `handler_id` bigint DEFAULT NULL COMMENT '???ID',
  `handler_name` varchar(50) DEFAULT NULL COMMENT '?????',
  `handling_content` text COMMENT '????',
  `notify_method` varchar(50) DEFAULT NULL COMMENT '????',
  `notify_time` datetime DEFAULT NULL COMMENT '????',
  `create_time` datetime DEFAULT CURRENT_TIMESTAMP COMMENT '????',
  PRIMARY KEY (`id`),
  KEY `idx_alarm_id` (`alarm_id`),
  KEY `idx_handler_id` (`handler_id`)
) ENGINE=InnoDB DEFAULT CHARSET=utf8mb4 COLLATE=utf8mb4_0900_ai_ci COMMENT='???????';
/*!40101 SET character_set_client = @saved_cs_client */;

--
-- Dumping data for table `alarm_handling_record`
--

LOCK TABLES `alarm_handling_record` WRITE;
/*!40000 ALTER TABLE `alarm_handling_record` DISABLE KEYS */;
/*!40000 ALTER TABLE `alarm_handling_record` ENABLE KEYS */;
UNLOCK TABLES;

--
-- Table structure for table `alarm_rule`
--

DROP TABLE IF EXISTS `alarm_rule`;
/*!40101 SET @saved_cs_client     = @@character_set_client */;
/*!50503 SET character_set_client = utf8mb4 */;
CREATE TABLE `alarm_rule` (
  `id` bigint NOT NULL AUTO_INCREMENT COMMENT '规则ID',
  `rule_name` varchar(100) NOT NULL COMMENT '规则名称',
  `alarm_type` tinyint NOT NULL COMMENT '告警类型: 1-设备故障 2-过载 3-离线 4-温度异常 5-电压异常',
  `alarm_level` tinyint NOT NULL COMMENT '告警级别: 1-一般 2-重要 3-紧急',
  `trigger_condition` varchar(255) DEFAULT NULL COMMENT '触发条件',
  `notify_method` varchar(100) DEFAULT NULL COMMENT '通知方式: 1-弹窗 2-声音 3-短信',
  `notify_users` varchar(500) DEFAULT NULL COMMENT '接收人ID列表(逗号分隔)',
  `enabled` tinyint DEFAULT '1' COMMENT '是否启用: 0-否 1-是',
  `create_time` datetime DEFAULT CURRENT_TIMESTAMP COMMENT '创建时间',
  `update_time` datetime DEFAULT CURRENT_TIMESTAMP ON UPDATE CURRENT_TIMESTAMP COMMENT '更新时间',
  PRIMARY KEY (`id`)
) ENGINE=InnoDB DEFAULT CHARSET=utf8mb4 COLLATE=utf8mb4_0900_ai_ci COMMENT='告警规则表';
/*!40101 SET character_set_client = @saved_cs_client */;

--
-- Dumping data for table `alarm_rule`
--

LOCK TABLES `alarm_rule` WRITE;
/*!40000 ALTER TABLE `alarm_rule` DISABLE KEYS */;
/*!40000 ALTER TABLE `alarm_rule` ENABLE KEYS */;
UNLOCK TABLES;

--
-- Table structure for table `charging_order`
--

DROP TABLE IF EXISTS `charging_order`;
/*!40101 SET @saved_cs_client     = @@character_set_client */;
/*!50503 SET character_set_client = utf8mb4 */;
CREATE TABLE `charging_order` (
  `id` bigint NOT NULL AUTO_INCREMENT COMMENT '订单ID',
  `order_no` varchar(50) NOT NULL COMMENT '订单编号',
  `user_id` bigint NOT NULL COMMENT '用户ID',
  `device_id` bigint NOT NULL COMMENT '设备ID',
  `station_id` bigint NOT NULL COMMENT '场站ID',
  `order_type` tinyint DEFAULT '1' COMMENT '订单类型: 1-普通充电 2-预约充电 3-V2G放电',
  `start_time` datetime NOT NULL COMMENT '充电开始时间',
  `end_time` datetime DEFAULT NULL COMMENT '充电结束时间',
  `total_energy` decimal(10,2) DEFAULT '0.00' COMMENT '总充电量(kWh)',
  `total_duration` int DEFAULT '0' COMMENT '总时长(分钟)',
  `electricity_fee` decimal(10,2) DEFAULT '0.00' COMMENT '电费',
  `service_fee` decimal(10,2) DEFAULT '0.00' COMMENT '服务费',
  `parking_fee` decimal(10,2) DEFAULT '0.00' COMMENT '占位费',
  `total_fee` decimal(10,2) DEFAULT '0.00' COMMENT '总费用',
  `discount_fee` decimal(10,2) DEFAULT '0.00' COMMENT '优惠金额',
  `actual_fee` decimal(10,2) DEFAULT '0.00' COMMENT '实付金额',
  `payment_status` tinyint DEFAULT '0' COMMENT '支付状态: 0-未支付 1-已支付 2-退款中 3-已退款',
  `payment_method` tinyint DEFAULT NULL COMMENT '支付方式: 1-微信 2-支付宝 3-余额 4-刷卡',
  `payment_time` datetime DEFAULT NULL COMMENT '支付时间',
  `invoice_status` tinyint DEFAULT '0' COMMENT '发票状态: 0-未申请 1-已申请 2-已开具',
  `status` tinyint DEFAULT '0' COMMENT '状态: 0-充电中 1-已完成 2-异常终止 3-已取消',
  `operator_id` bigint DEFAULT NULL COMMENT '操作员ID',
  `refund_amount` decimal(10,2) DEFAULT NULL COMMENT '退款金额',
  `refund_reason` varchar(500) DEFAULT NULL COMMENT '退款原因',
  `remark` varchar(500) DEFAULT NULL COMMENT '备注',
  `create_time` datetime DEFAULT CURRENT_TIMESTAMP COMMENT '创建时间',
  `update_time` datetime DEFAULT CURRENT_TIMESTAMP ON UPDATE CURRENT_TIMESTAMP COMMENT '更新时间',
  PRIMARY KEY (`id`),
  UNIQUE KEY `order_no` (`order_no`),
  KEY `idx_order_no` (`order_no`),
  KEY `idx_user_id` (`user_id`),
  KEY `idx_device_id` (`device_id`),
  KEY `idx_station_id` (`station_id`),
  KEY `idx_start_time` (`start_time`),
  KEY `idx_status` (`status`),
  KEY `idx_payment_status` (`payment_status`)
) ENGINE=InnoDB AUTO_INCREMENT=220 DEFAULT CHARSET=utf8mb4 COLLATE=utf8mb4_0900_ai_ci COMMENT='充电订单表';
/*!40101 SET character_set_client = @saved_cs_client */;

--
-- Dumping data for table `charging_order`
--

LOCK TABLES `charging_order` WRITE;
/*!40000 ALTER TABLE `charging_order` DISABLE KEYS */;
INSERT INTO `charging_order` VALUES (112,'CO20260401001',1,1,28,1,'2026-04-01 08:15:00','2026-04-01 08:55:00',38.50,40,30.80,15.40,0.00,46.20,0.00,46.20,1,NULL,NULL,0,2,1,NULL,NULL,NULL,'2026-04-01 08:55:00','2026-04-01 08:55:00'),(113,'CO20260401002',1,2,29,1,'2026-04-01 09:30:00','2026-04-01 10:10:00',28.00,40,22.40,11.20,0.00,33.60,0.00,33.60,1,NULL,NULL,0,2,1,NULL,NULL,NULL,'2026-04-01 10:10:00','2026-04-01 10:10:00'),(114,'CO20260401003',2,54,32,1,'2026-04-01 12:00:00','2026-04-01 12:50:00',42.00,50,33.60,16.80,0.00,50.40,0.00,50.40,1,NULL,NULL,0,2,2,NULL,NULL,NULL,'2026-04-01 12:50:00','2026-04-01 12:50:00'),(115,'CO20260401004',5,58,35,2,'2026-04-01 14:00:00','2026-04-01 14:30:00',-18.00,30,-14.40,-7.20,0.00,-21.60,0.00,-21.60,1,NULL,NULL,0,2,3,NULL,NULL,NULL,'2026-04-01 14:30:00','2026-04-01 14:30:00'),(116,'CO20260401005',2,55,32,1,'2026-04-01 18:30:00','2026-04-01 19:15:00',32.00,45,25.60,12.80,0.00,38.40,0.00,38.40,1,NULL,NULL,0,2,2,NULL,NULL,NULL,'2026-04-01 19:15:00','2026-04-01 19:15:00'),(117,'CO20260402001',1,1,28,1,'2026-04-02 08:00:00','2026-04-02 08:50:00',45.00,50,36.00,18.00,0.00,54.00,0.00,54.00,1,NULL,NULL,0,2,1,NULL,NULL,NULL,'2026-04-02 08:50:00','2026-04-02 08:50:00'),(118,'CO20260402002',1,50,29,1,'2026-04-02 10:30:00','2026-04-02 11:10:00',22.50,40,18.00,9.00,0.00,27.00,0.00,27.00,1,NULL,NULL,0,2,1,NULL,NULL,NULL,'2026-04-02 11:10:00','2026-04-02 11:10:00'),(119,'CO20260402003',5,58,35,1,'2026-04-02 13:00:00','2026-04-02 13:45:00',35.00,45,28.00,14.00,0.00,42.00,0.00,42.00,1,NULL,NULL,0,2,3,NULL,NULL,NULL,'2026-04-02 13:45:00','2026-04-02 13:45:00'),(120,'CO20260402004',2,54,32,2,'2026-04-02 16:00:00','2026-04-02 16:35:00',-22.00,35,-17.60,-8.80,0.00,-26.40,0.00,-26.40,1,NULL,NULL,0,2,2,NULL,NULL,NULL,'2026-04-02 16:35:00','2026-04-02 16:35:00'),(121,'CO20260403001',1,1,28,1,'2026-04-03 08:10:00','2026-04-03 09:00:00',40.00,50,32.00,16.00,0.00,48.00,0.00,48.00,1,NULL,NULL,0,2,1,NULL,NULL,NULL,'2026-04-03 09:00:00','2026-04-03 09:00:00'),(122,'CO20260403002',3,61,37,1,'2026-04-03 11:00:00','2026-04-03 11:40:00',28.00,40,22.40,11.20,0.00,33.60,0.00,33.60,1,NULL,NULL,0,2,4,NULL,NULL,NULL,'2026-04-03 11:40:00','2026-04-03 11:40:00'),(123,'CO20260403003',2,54,32,1,'2026-04-03 14:30:00','2026-04-03 15:15:00',48.00,45,38.40,19.20,0.00,57.60,0.00,57.60,1,NULL,NULL,0,2,2,NULL,NULL,NULL,'2026-04-03 15:15:00','2026-04-03 15:15:00'),(124,'CO20260403004',5,59,35,2,'2026-04-03 17:00:00','2026-04-03 17:40:00',-25.00,40,-20.00,-10.00,0.00,-30.00,0.00,-30.00,1,NULL,NULL,0,2,3,NULL,NULL,NULL,'2026-04-03 17:40:00','2026-04-03 17:40:00'),(125,'CO20260404001',1,1,28,1,'2026-04-04 08:00:00','2026-04-04 08:55:00',42.00,55,33.60,16.80,0.00,50.40,0.00,50.40,1,NULL,NULL,0,2,1,NULL,NULL,NULL,'2026-04-04 08:55:00','2026-04-04 08:55:00'),(126,'CO20260404002',1,51,29,1,'2026-04-04 12:00:00','2026-04-04 12:50:00',35.00,50,28.00,14.00,0.00,42.00,0.00,42.00,1,NULL,NULL,0,2,1,NULL,NULL,NULL,'2026-04-04 12:50:00','2026-04-04 12:50:00'),(127,'CO20260404003',2,54,32,2,'2026-04-04 15:00:00','2026-04-04 15:30:00',-15.00,30,-12.00,-6.00,0.00,-18.00,0.00,-18.00,1,NULL,NULL,0,2,2,NULL,NULL,NULL,'2026-04-04 15:30:00','2026-04-04 15:30:00'),(128,'CO20260405001',1,2,28,1,'2026-04-05 09:00:00','2026-04-05 09:45:00',38.00,45,30.40,15.20,0.00,45.60,0.00,45.60,1,NULL,NULL,0,2,1,NULL,NULL,NULL,'2026-04-05 09:45:00','2026-04-05 09:45:00'),(129,'CO20260405002',5,58,35,1,'2026-04-05 14:00:00','2026-04-05 14:50:00',50.00,50,40.00,20.00,0.00,60.00,0.00,60.00,1,NULL,NULL,0,2,3,NULL,NULL,NULL,'2026-04-05 14:50:00','2026-04-05 14:50:00'),(130,'CO20260406001',1,1,28,1,'2026-04-06 08:30:00','2026-04-06 09:20:00',44.00,50,35.20,17.60,0.00,52.80,0.00,52.80,1,NULL,NULL,0,2,1,NULL,NULL,NULL,'2026-04-06 09:20:00','2026-04-06 09:20:00'),(131,'CO20260406002',2,56,32,1,'2026-04-06 12:30:00','2026-04-06 13:15:00',30.00,45,24.00,12.00,0.00,36.00,0.00,36.00,1,NULL,NULL,0,2,2,NULL,NULL,NULL,'2026-04-06 13:15:00','2026-04-06 13:15:00'),(132,'CO20260406003',5,60,35,2,'2026-04-06 17:00:00','2026-04-06 17:45:00',-28.00,45,-22.40,-11.20,0.00,-33.60,0.00,-33.60,1,NULL,NULL,0,2,3,NULL,NULL,NULL,'2026-04-06 17:45:00','2026-04-06 17:45:00'),(133,'CO20260407001',1,3,28,1,'2026-04-07 08:00:00','2026-04-07 08:40:00',36.00,40,28.80,14.40,0.00,43.20,0.00,43.20,1,NULL,NULL,0,2,1,NULL,NULL,NULL,'2026-04-07 08:40:00','2026-04-07 08:40:00'),(134,'CO20260407002',3,62,37,1,'2026-04-07 15:00:00','2026-04-07 15:40:00',25.00,40,20.00,10.00,0.00,30.00,0.00,30.00,1,NULL,NULL,0,2,4,NULL,NULL,NULL,'2026-04-07 15:40:00','2026-04-07 15:40:00'),(135,'CO20260408001',1,1,28,1,'2026-04-08 08:10:00','2026-04-08 09:00:00',48.00,50,38.40,19.20,0.00,57.60,0.00,57.60,1,NULL,NULL,0,2,1,NULL,NULL,NULL,'2026-04-08 09:00:00','2026-04-08 09:00:00'),(136,'CO20260408002',1,50,29,1,'2026-04-08 13:00:00','2026-04-08 13:40:00',20.00,40,16.00,8.00,0.00,24.00,0.00,24.00,1,NULL,NULL,0,2,1,NULL,NULL,NULL,'2026-04-08 13:40:00','2026-04-08 13:40:00'),(137,'CO20260408003',2,54,32,2,'2026-04-08 16:30:00','2026-04-08 17:00:00',-12.00,30,-9.60,-4.80,0.00,-14.40,0.00,-14.40,1,NULL,NULL,0,2,2,NULL,NULL,NULL,'2026-04-08 17:00:00','2026-04-08 17:00:00'),(138,'CO20260409001',1,2,28,1,'2026-04-09 08:00:00','2026-04-09 08:55:00',52.00,55,41.60,20.80,0.00,62.40,0.00,62.40,1,NULL,NULL,0,2,1,NULL,NULL,NULL,'2026-04-09 08:55:00','2026-04-09 08:55:00'),(139,'CO20260409002',5,58,35,1,'2026-04-09 10:00:00','2026-04-09 10:55:00',45.00,55,36.00,18.00,0.00,54.00,0.00,54.00,1,NULL,NULL,0,2,3,NULL,NULL,NULL,'2026-04-09 10:55:00','2026-04-09 10:55:00'),(140,'CO20260409003',3,61,37,1,'2026-04-09 14:00:00','2026-04-09 14:40:00',30.00,40,24.00,12.00,0.00,36.00,0.00,36.00,1,NULL,NULL,0,2,4,NULL,NULL,NULL,'2026-04-09 14:40:00','2026-04-09 14:40:00'),(141,'CO20260410001',1,1,28,1,'2026-04-10 08:30:00','2026-04-10 09:20:00',50.00,50,40.00,20.00,0.00,60.00,0.00,60.00,1,NULL,NULL,0,2,1,NULL,NULL,NULL,'2026-04-10 09:20:00','2026-04-10 09:20:00'),(142,'CO20260410002',2,55,32,1,'2026-04-10 11:00:00','2026-04-10 11:50:00',38.00,50,30.40,15.20,0.00,45.60,0.00,45.60,1,NULL,NULL,0,2,2,NULL,NULL,NULL,'2026-04-10 11:50:00','2026-04-10 11:50:00'),(143,'CO20260410003',1,52,29,2,'2026-04-10 15:00:00','2026-04-10 15:35:00',-20.00,35,-16.00,-8.00,0.00,-24.00,0.00,-24.00,1,NULL,NULL,0,2,1,NULL,NULL,NULL,'2026-04-10 15:35:00','2026-04-10 15:35:00'),(144,'CO20260411001',1,1,28,1,'2026-04-11 09:00:00','2026-04-11 09:40:00',55.00,40,44.00,22.00,0.00,66.00,0.00,66.00,1,NULL,NULL,0,2,1,NULL,NULL,NULL,'2026-04-11 09:40:00','2026-04-11 09:40:00'),(145,'CO20260411002',5,59,35,1,'2026-04-11 13:00:00','2026-04-11 13:50:00',42.00,50,33.60,16.80,0.00,50.40,0.00,50.40,1,NULL,NULL,0,2,3,NULL,NULL,NULL,'2026-04-11 13:50:00','2026-04-11 13:50:00'),(146,'CO20260412001',1,2,28,1,'2026-04-12 08:00:00','2026-04-12 08:45:00',38.00,45,30.40,15.20,0.00,45.60,0.00,45.60,1,NULL,NULL,0,2,1,NULL,NULL,NULL,'2026-04-12 08:45:00','2026-04-12 08:45:00'),(147,'CO20260412002',2,54,32,2,'2026-04-12 16:00:00','2026-04-12 16:30:00',-18.00,30,-14.40,-7.20,0.00,-21.60,0.00,-21.60,1,NULL,NULL,0,2,2,NULL,NULL,NULL,'2026-04-12 16:30:00','2026-04-12 16:30:00'),(148,'CO20260413001',1,3,28,1,'2026-04-13 08:00:00','2026-04-13 08:50:00',47.00,50,37.60,18.80,0.00,56.40,0.00,56.40,1,NULL,NULL,0,2,1,NULL,NULL,NULL,'2026-04-13 08:50:00','2026-04-13 08:50:00'),(149,'CO20260413002',5,60,35,1,'2026-04-13 14:00:00','2026-04-13 14:45:00',36.00,45,28.80,14.40,0.00,43.20,0.00,43.20,1,NULL,NULL,0,2,3,NULL,NULL,NULL,'2026-04-13 14:45:00','2026-04-13 14:45:00'),(150,'CO20260414001',1,1,28,1,'2026-04-14 08:00:00','2026-04-14 09:00:00',58.00,60,46.40,23.20,0.00,69.60,0.00,69.60,1,NULL,NULL,0,2,1,NULL,NULL,NULL,'2026-04-14 09:00:00','2026-04-14 09:00:00'),(151,'CO20260414002',1,51,29,1,'2026-04-14 12:00:00','2026-04-14 12:40:00',28.00,40,22.40,11.20,0.00,33.60,0.00,33.60,1,NULL,NULL,0,2,1,NULL,NULL,NULL,'2026-04-14 12:40:00','2026-04-14 12:40:00'),(152,'CO20260414003',2,56,32,2,'2026-04-14 17:00:00','2026-04-14 17:45:00',-30.00,45,-24.00,-12.00,0.00,-36.00,0.00,-36.00,1,NULL,NULL,0,2,2,NULL,NULL,NULL,'2026-04-14 17:45:00','2026-04-14 17:45:00'),(153,'CO20260415001',1,1,28,1,'2026-04-15 08:00:00','2026-04-15 09:00:00',62.00,60,49.60,24.80,0.00,74.40,0.00,74.40,1,NULL,NULL,0,2,1,NULL,NULL,NULL,'2026-04-15 09:00:00','2026-04-15 09:00:00'),(154,'CO20260415002',1,50,29,2,'2026-04-15 10:00:00','2026-04-15 10:30:00',-15.00,30,-12.00,-6.00,0.00,-18.00,0.00,-18.00,1,NULL,NULL,0,2,1,NULL,NULL,NULL,'2026-04-15 10:30:00','2026-04-15 10:30:00'),(155,'CO20260415003',5,58,35,1,'2026-04-15 14:00:00','2026-04-15 15:00:00',55.00,60,44.00,22.00,0.00,66.00,0.00,66.00,1,NULL,NULL,0,2,3,NULL,NULL,NULL,'2026-04-15 15:00:00','2026-04-15 15:00:00'),(156,'CO20260415004',2,54,32,1,'2026-04-15 18:00:00','2026-04-15 18:50:00',40.00,50,32.00,16.00,0.00,48.00,0.00,48.00,1,NULL,NULL,0,2,2,NULL,NULL,NULL,'2026-04-15 18:50:00','2026-04-15 18:50:00'),(157,'CO20260416001',1,2,28,1,'2026-04-16 08:30:00','2026-04-16 09:25:00',65.00,55,52.00,26.00,0.00,78.00,0.00,78.00,1,NULL,NULL,0,2,1,NULL,NULL,NULL,'2026-04-16 09:25:00','2026-04-16 09:25:00'),(158,'CO20260416002',3,62,37,1,'2026-04-16 11:00:00','2026-04-16 11:45:00',30.00,45,24.00,12.00,0.00,36.00,0.00,36.00,1,NULL,NULL,0,2,4,NULL,NULL,NULL,'2026-04-16 11:45:00','2026-04-16 11:45:00'),(159,'CO20260416003',5,59,35,2,'2026-04-16 16:00:00','2026-04-16 16:35:00',-22.00,35,-17.60,-8.80,0.00,-26.40,0.00,-26.40,1,NULL,NULL,0,2,3,NULL,NULL,NULL,'2026-04-16 16:35:00','2026-04-16 16:35:00'),(160,'CO20260417001',1,1,28,1,'2026-04-17 08:00:00','2026-04-17 09:10:00',70.00,70,56.00,28.00,0.00,84.00,0.00,84.00,1,NULL,NULL,0,2,1,NULL,NULL,NULL,'2026-04-17 09:10:00','2026-04-17 09:10:00'),(161,'CO20260417002',2,55,32,1,'2026-04-17 13:00:00','2026-04-17 13:50:00',48.00,50,38.40,19.20,0.00,57.60,0.00,57.60,1,NULL,NULL,0,2,2,NULL,NULL,NULL,'2026-04-17 13:50:00','2026-04-17 13:50:00'),(162,'CO20260417003',1,52,29,2,'2026-04-17 15:00:00','2026-04-17 15:40:00',-24.00,40,-19.20,-9.60,0.00,-28.80,0.00,-28.80,1,NULL,NULL,0,2,1,NULL,NULL,NULL,'2026-04-17 15:40:00','2026-04-17 15:40:00'),(163,'CO20260418001',1,1,28,1,'2026-04-18 09:00:00','2026-04-18 09:50:00',60.00,50,48.00,24.00,0.00,72.00,0.00,72.00,1,NULL,NULL,0,2,1,NULL,NULL,NULL,'2026-04-18 09:50:00','2026-04-18 09:50:00'),(164,'CO20260418002',5,58,35,1,'2026-04-18 14:00:00','2026-04-18 15:00:00',52.00,60,41.60,20.80,0.00,62.40,0.00,62.40,1,NULL,NULL,0,2,3,NULL,NULL,NULL,'2026-04-18 15:00:00','2026-04-18 15:00:00'),(165,'CO20260419001',1,3,28,1,'2026-04-19 08:00:00','2026-04-19 08:45:00',42.00,45,33.60,16.80,0.00,50.40,0.00,50.40,1,NULL,NULL,0,2,1,NULL,NULL,NULL,'2026-04-19 08:45:00','2026-04-19 08:45:00'),(166,'CO20260419002',2,56,32,2,'2026-04-19 16:00:00','2026-04-19 16:30:00',-16.00,30,-12.80,-6.40,0.00,-19.20,0.00,-19.20,1,NULL,NULL,0,2,2,NULL,NULL,NULL,'2026-04-19 16:30:00','2026-04-19 16:30:00'),(167,'CO20260420001',1,1,28,1,'2026-04-20 08:00:00','2026-04-20 08:55:00',66.00,55,52.80,26.40,0.00,79.20,0.00,79.20,1,NULL,NULL,0,2,1,NULL,NULL,NULL,'2026-04-20 08:55:00','2026-04-20 08:55:00'),(168,'CO20260420002',3,63,37,1,'2026-04-20 10:00:00','2026-04-20 10:40:00',28.00,40,22.40,11.20,0.00,33.60,0.00,33.60,1,NULL,NULL,0,2,4,NULL,NULL,NULL,'2026-04-20 10:40:00','2026-04-20 10:40:00'),(169,'CO20260421001',1,2,28,1,'2026-04-21 08:30:00','2026-04-21 09:30:00',72.00,60,57.60,28.80,0.00,86.40,0.00,86.40,1,NULL,NULL,0,2,1,NULL,NULL,NULL,'2026-04-21 09:30:00','2026-04-21 09:30:00'),(170,'CO20260421002',5,60,35,2,'2026-04-21 15:00:00','2026-04-21 15:45:00',-32.00,45,-25.60,-12.80,0.00,-38.40,0.00,-38.40,1,NULL,NULL,0,2,3,NULL,NULL,NULL,'2026-04-21 15:45:00','2026-04-21 15:45:00'),(171,'CO20260422001',1,1,28,1,'2026-04-22 08:00:00','2026-04-22 09:00:00',68.00,60,54.40,27.20,0.00,81.60,0.00,81.60,1,NULL,NULL,0,2,1,NULL,NULL,NULL,'2026-04-22 09:00:00','2026-04-22 09:00:00'),(172,'CO20260422002',1,53,29,2,'2026-04-22 11:00:00','2026-04-22 11:30:00',-18.00,30,-14.40,-7.20,0.00,-21.60,0.00,-21.60,1,NULL,NULL,0,2,1,NULL,NULL,NULL,'2026-04-22 11:30:00','2026-04-22 11:30:00'),(173,'CO20260422003',2,57,32,1,'2026-04-22 14:00:00','2026-04-22 14:55:00',50.00,55,40.00,20.00,0.00,60.00,0.00,60.00,1,NULL,NULL,0,2,2,NULL,NULL,NULL,'2026-04-22 14:55:00','2026-04-22 14:55:00'),(174,'CO20260423001',1,1,28,1,'2026-04-23 08:00:00','2026-04-23 09:10:00',75.00,70,60.00,30.00,0.00,90.00,0.00,90.00,1,NULL,NULL,0,2,1,NULL,NULL,NULL,'2026-04-23 09:10:00','2026-04-23 09:10:00'),(175,'CO20260423002',5,58,35,1,'2026-04-23 12:00:00','2026-04-23 13:00:00',58.00,60,46.40,23.20,0.00,69.60,0.00,69.60,1,NULL,NULL,0,2,3,NULL,NULL,NULL,'2026-04-23 13:00:00','2026-04-23 13:00:00'),(176,'CO20260424001',1,2,28,1,'2026-04-24 08:00:00','2026-04-24 09:00:00',72.00,60,57.60,28.80,0.00,86.40,0.00,86.40,1,NULL,NULL,0,2,1,NULL,NULL,NULL,'2026-04-24 09:00:00','2026-04-24 09:00:00'),(177,'CO20260424002',3,61,37,1,'2026-04-24 15:00:00','2026-04-24 15:45:00',35.00,45,28.00,14.00,0.00,42.00,0.00,42.00,1,NULL,NULL,0,2,4,NULL,NULL,NULL,'2026-04-24 15:45:00','2026-04-24 15:45:00'),(178,'CO20260425001',1,3,28,1,'2026-04-25 08:30:00','2026-04-25 09:30:00',78.00,60,62.40,31.20,0.00,93.60,0.00,93.60,1,NULL,NULL,0,2,1,NULL,NULL,NULL,'2026-04-25 09:30:00','2026-04-25 09:30:00'),(179,'CO20260425002',2,54,32,2,'2026-04-25 16:00:00','2026-04-25 16:45:00',-28.00,45,-22.40,-11.20,0.00,-33.60,0.00,-33.60,1,NULL,NULL,0,2,2,NULL,NULL,NULL,'2026-04-25 16:45:00','2026-04-25 16:45:00'),(180,'CO20260426001',1,1,28,1,'2026-04-26 09:00:00','2026-04-26 09:50:00',65.00,50,52.00,26.00,0.00,78.00,0.00,78.00,1,NULL,NULL,0,2,1,NULL,NULL,NULL,'2026-04-26 09:50:00','2026-04-26 09:50:00'),(181,'CO20260426002',5,59,35,1,'2026-04-26 14:00:00','2026-04-26 14:50:00',44.00,50,35.20,17.60,0.00,52.80,0.00,52.80,1,NULL,NULL,0,2,3,NULL,NULL,NULL,'2026-04-26 14:50:00','2026-04-26 14:50:00'),(182,'CO20260427001',1,1,28,1,'2026-04-27 08:00:00','2026-04-27 08:55:00',48.00,55,38.40,19.20,0.00,57.60,0.00,57.60,1,NULL,NULL,0,2,1,NULL,NULL,NULL,'2026-04-27 08:55:00','2026-04-27 08:55:00'),(183,'CO20260427002',1,50,29,2,'2026-04-27 13:00:00','2026-04-27 13:35:00',-20.00,35,-16.00,-8.00,0.00,-24.00,0.00,-24.00,1,NULL,NULL,0,2,1,NULL,NULL,NULL,'2026-04-27 13:35:00','2026-04-27 13:35:00'),(184,'CO20260427003',3,62,37,1,'2026-04-27 18:00:00','2026-04-27 18:40:00',22.00,40,17.60,8.80,0.00,26.40,0.00,26.40,1,NULL,NULL,0,2,4,NULL,NULL,NULL,'2026-04-27 18:40:00','2026-04-27 18:40:00'),(185,'CO20260428001',1,2,28,1,'2026-04-28 08:00:00','2026-04-28 09:05:00',82.00,65,65.60,32.80,0.00,98.40,0.00,98.40,1,NULL,NULL,0,2,1,NULL,NULL,NULL,'2026-04-28 09:05:00','2026-04-28 09:05:00'),(186,'CO20260428002',2,55,32,1,'2026-04-28 12:00:00','2026-04-28 12:55:00',52.00,55,41.60,20.80,0.00,62.40,0.00,62.40,1,NULL,NULL,0,2,2,NULL,NULL,NULL,'2026-04-28 12:55:00','2026-04-28 12:55:00'),(187,'CO20260428003',5,58,35,2,'2026-04-28 17:00:00','2026-04-28 17:50:00',-35.00,50,-28.00,-14.00,0.00,-42.00,0.00,-42.00,1,NULL,NULL,0,2,3,NULL,NULL,NULL,'2026-04-28 17:50:00','2026-04-28 17:50:00'),(188,'CO20260429001',1,1,28,1,'2026-04-29 08:00:00','2026-04-29 09:10:00',85.00,70,68.00,34.00,0.00,102.00,0.00,102.00,1,NULL,NULL,0,2,1,NULL,NULL,NULL,'2026-04-29 09:10:00','2026-04-29 09:10:00'),(189,'CO20260429002',1,51,29,1,'2026-04-29 11:00:00','2026-04-29 11:40:00',32.00,40,25.60,12.80,0.00,38.40,0.00,38.40,1,NULL,NULL,0,2,1,NULL,NULL,NULL,'2026-04-29 11:40:00','2026-04-29 11:40:00'),(190,'CO20260429003',2,56,32,2,'2026-04-29 15:00:00','2026-04-29 15:35:00',-24.00,35,-19.20,-9.60,0.00,-28.80,0.00,-28.80,1,NULL,NULL,0,2,2,NULL,NULL,NULL,'2026-04-29 15:35:00','2026-04-29 15:35:00'),(191,'CO20260430001',1,3,28,1,'2026-04-30 08:00:00','2026-04-30 09:00:00',88.00,60,70.40,35.20,0.00,105.60,0.00,105.60,1,NULL,NULL,0,2,1,NULL,NULL,NULL,'2026-04-30 09:00:00','2026-04-30 09:00:00'),(192,'CO20260430002',5,60,35,1,'2026-04-30 10:00:00','2026-04-30 11:00:00',62.00,60,49.60,24.80,0.00,74.40,0.00,74.40,1,NULL,NULL,0,2,3,NULL,NULL,NULL,'2026-04-30 11:00:00','2026-04-30 11:00:00'),(193,'CO20260430003',3,63,37,1,'2026-04-30 14:00:00','2026-04-30 14:50:00',38.00,50,30.40,15.20,0.00,45.60,0.00,45.60,1,NULL,NULL,0,2,4,NULL,NULL,NULL,'2026-04-30 14:50:00','2026-04-30 14:50:00'),(194,'CO20260430004',1,52,29,2,'2026-04-30 17:00:00','2026-04-30 17:35:00',-22.00,35,-17.60,-8.80,0.00,-26.40,0.00,-26.40,1,NULL,NULL,0,2,1,NULL,NULL,NULL,'2026-04-30 17:35:00','2026-04-30 17:35:00'),(195,'CO20260501001',1,1,28,1,'2026-05-01 08:00:00','2026-05-01 08:55:00',90.00,55,72.00,36.00,0.00,108.00,0.00,108.00,1,NULL,NULL,0,2,1,NULL,NULL,NULL,'2026-05-01 08:55:00','2026-05-01 08:55:00'),(196,'CO20260501002',2,54,32,1,'2026-05-01 09:30:00','2026-05-01 10:15:00',48.00,45,38.40,19.20,0.00,57.60,0.00,57.60,1,NULL,NULL,0,2,2,NULL,NULL,NULL,'2026-05-01 10:15:00','2026-05-01 10:15:00'),(197,'CO20260501003',1,50,29,2,'2026-05-01 11:00:00','2026-05-01 11:35:00',-25.00,35,-20.00,-10.00,0.00,-30.00,0.00,-30.00,1,NULL,NULL,0,2,1,NULL,NULL,NULL,'2026-05-01 11:35:00','2026-05-01 11:35:00'),(198,'CO20260501004',5,58,35,1,'2026-05-01 13:00:00','2026-05-01 14:00:00',72.00,60,57.60,28.80,0.00,86.40,0.00,86.40,1,NULL,NULL,0,2,3,NULL,NULL,NULL,'2026-05-01 14:00:00','2026-05-01 14:00:00'),(199,'CO20260501005',3,61,37,1,'2026-05-01 15:00:00','2026-05-01 15:45:00',35.00,45,28.00,14.00,0.00,42.00,0.00,42.00,1,NULL,NULL,0,2,4,NULL,NULL,NULL,'2026-05-01 15:45:00','2026-05-01 15:45:00'),(200,'CO20260501006',1,2,28,1,'2026-05-01 17:00:00','2026-05-01 17:55:00',56.00,55,44.80,22.40,0.00,67.20,0.00,67.20,1,NULL,NULL,0,2,1,NULL,NULL,NULL,'2026-05-01 17:55:00','2026-05-01 17:55:00'),(201,'CO20260501007',2,55,32,2,'2026-05-01 19:00:00','2026-05-01 19:30:00',-18.00,30,-14.40,-7.20,0.00,-21.60,0.00,-21.60,1,NULL,NULL,0,2,2,NULL,NULL,NULL,'2026-05-01 19:30:00','2026-05-01 19:30:00'),(202,'CO20260502001',1,1,28,1,'2026-05-02 08:10:00','2026-05-02 09:00:00',84.00,50,67.20,33.60,0.00,100.80,0.00,100.80,1,NULL,NULL,0,2,1,NULL,NULL,NULL,'2026-05-02 09:00:00','2026-05-02 09:00:00'),(203,'CO20260502002',1,51,29,1,'2026-05-02 10:00:00','2026-05-02 10:40:00',26.00,40,20.80,10.40,0.00,31.20,0.00,31.20,1,NULL,NULL,0,2,1,NULL,NULL,NULL,'2026-05-02 10:40:00','2026-05-02 10:40:00'),(204,'CO20260502003',5,59,35,2,'2026-05-02 12:00:00','2026-05-02 12:40:00',-28.00,40,-22.40,-11.20,0.00,-33.60,0.00,-33.60,1,NULL,NULL,0,2,3,NULL,NULL,NULL,'2026-05-02 12:40:00','2026-05-02 12:40:00'),(205,'CO20260502004',2,56,32,1,'2026-05-02 14:00:00','2026-05-02 14:55:00',55.00,55,44.00,22.00,0.00,66.00,0.00,66.00,1,NULL,NULL,0,2,2,NULL,NULL,NULL,'2026-05-02 14:55:00','2026-05-02 14:55:00'),(206,'CO20260502005',1,3,28,1,'2026-05-02 16:30:00','2026-05-02 17:20:00',62.00,50,49.60,24.80,0.00,74.40,0.00,74.40,1,NULL,NULL,0,2,1,NULL,NULL,NULL,'2026-05-02 17:20:00','2026-05-02 17:20:00'),(207,'CO20260502006',3,62,37,2,'2026-05-02 18:00:00','2026-05-02 18:30:00',-12.00,30,-9.60,-4.80,0.00,-14.40,0.00,-14.40,1,NULL,NULL,0,2,4,NULL,NULL,NULL,'2026-05-02 18:30:00','2026-05-02 18:30:00'),(208,'CO20260503001',1,1,28,1,'2026-05-03 06:30:00','2026-05-03 07:15:00',68.00,45,54.40,27.20,0.00,81.60,0.00,81.60,1,NULL,NULL,0,2,1,NULL,NULL,NULL,'2026-05-03 07:15:00','2026-05-03 07:15:00'),(209,'CO20260503002',2,54,32,1,'2026-05-03 08:00:00','2026-05-03 08:50:00',88.00,50,70.40,35.20,0.00,105.60,0.00,105.60,1,NULL,NULL,0,2,2,NULL,NULL,NULL,'2026-05-03 08:50:00','2026-05-03 08:50:00'),(210,'CO20260503003',1,50,29,2,'2026-05-03 09:00:00','2026-05-03 09:35:00',-32.00,35,-25.60,-12.80,0.00,-38.40,0.00,-38.40,1,NULL,NULL,0,2,1,NULL,NULL,NULL,'2026-05-03 09:35:00','2026-05-03 09:35:00'),(211,'CO20260503004',5,58,35,1,'2026-05-03 10:00:00','2026-05-03 10:55:00',76.00,55,60.80,30.40,0.00,91.20,0.00,91.20,1,NULL,NULL,0,2,3,NULL,NULL,NULL,'2026-05-03 10:55:00','2026-05-03 10:55:00'),(212,'CO20260503005',1,2,28,1,'2026-05-03 11:30:00','2026-05-03 12:20:00',52.00,50,41.60,20.80,0.00,62.40,0.00,62.40,1,NULL,NULL,0,2,1,NULL,NULL,NULL,'2026-05-03 12:20:00','2026-05-03 12:20:00'),(213,'CO20260503006',3,61,37,1,'2026-05-03 12:00:00','2026-05-03 12:40:00',28.00,40,22.40,11.20,0.00,33.60,0.00,33.60,1,NULL,NULL,0,2,4,NULL,NULL,NULL,'2026-05-03 12:40:00','2026-05-03 12:40:00'),(214,'CO20260503007',2,55,32,2,'2026-05-03 13:00:00','2026-05-03 13:40:00',-26.00,40,-20.80,-10.40,0.00,-31.20,0.00,-31.20,1,NULL,NULL,0,2,2,NULL,NULL,NULL,'2026-05-03 13:40:00','2026-05-03 13:40:00'),(215,'CO20260503008',1,3,28,1,'2026-05-03 14:00:00','2026-05-03 14:50:00',70.00,50,56.00,28.00,0.00,84.00,0.00,84.00,1,NULL,NULL,0,2,1,NULL,NULL,NULL,'2026-05-03 14:50:00','2026-05-03 14:50:00'),(216,'CO20260503009',5,60,35,2,'2026-05-03 14:30:00','2026-05-03 15:00:00',-20.00,30,-16.00,-8.00,0.00,-24.00,0.00,-24.00,1,NULL,NULL,0,2,3,NULL,NULL,NULL,'2026-05-03 15:00:00','2026-05-03 15:00:00'),(217,'CO20260503010',1,1,28,1,'2026-05-03 15:30:00','2026-05-03 16:10:00',46.00,40,36.80,18.40,0.00,55.20,0.00,55.20,1,NULL,NULL,0,2,1,NULL,NULL,NULL,'2026-05-03 16:10:00','2026-05-03 16:10:00'),(218,'CO20260503011',2,57,32,1,'2026-05-03 16:00:00','2026-05-03 16:45:00',42.00,45,33.60,16.80,0.00,50.40,0.00,50.40,1,NULL,NULL,0,2,2,NULL,NULL,NULL,'2026-05-03 16:45:00','2026-05-03 16:45:00'),(219,'CO20260503012',1,52,29,2,'2026-05-03 17:00:00','2026-05-03 17:30:00',-18.00,30,-14.40,-7.20,0.00,-21.60,0.00,-21.60,1,NULL,NULL,0,2,1,NULL,NULL,NULL,'2026-05-03 17:30:00','2026-05-03 17:30:00');
/*!40000 ALTER TABLE `charging_order` ENABLE KEYS */;
UNLOCK TABLES;

--
-- Table structure for table `charging_session`
--

DROP TABLE IF EXISTS `charging_session`;
/*!40101 SET @saved_cs_client     = @@character_set_client */;
/*!50503 SET character_set_client = utf8mb4 */;
CREATE TABLE `charging_session` (
  `id` bigint NOT NULL AUTO_INCREMENT COMMENT '会话ID',
  `order_id` bigint NOT NULL COMMENT '订单ID',
  `device_id` bigint NOT NULL COMMENT '设备ID',
  `user_id` bigint NOT NULL COMMENT '用户ID',
  `current_power` decimal(10,2) DEFAULT NULL COMMENT '当前功率(kW)',
  `current_voltage` decimal(10,2) DEFAULT NULL COMMENT '当前电压(V)',
  `current_current` decimal(10,2) DEFAULT NULL COMMENT '当前电流(A)',
  `current_soc` decimal(5,2) DEFAULT NULL COMMENT '当前电池SOC(%)',
  `target_soc` decimal(5,2) DEFAULT NULL COMMENT '目标SOC(%)',
  `charged_energy` decimal(10,2) DEFAULT NULL COMMENT '已充电量(kWh)',
  `charged_duration` int DEFAULT NULL COMMENT '已充时长(分钟)',
  `current_cost` decimal(10,2) DEFAULT NULL COMMENT '当前费用',
  `status` tinyint DEFAULT '1' COMMENT '状态: 1-充电中 2-即将结束 3-已结束',
  `create_time` datetime DEFAULT CURRENT_TIMESTAMP COMMENT '创建时间',
  `update_time` datetime DEFAULT CURRENT_TIMESTAMP ON UPDATE CURRENT_TIMESTAMP COMMENT '更新时间',
  PRIMARY KEY (`id`),
  UNIQUE KEY `uk_order_id` (`order_id`),
  KEY `idx_device_id` (`device_id`),
  KEY `idx_status` (`status`)
) ENGINE=InnoDB DEFAULT CHARSET=utf8mb4 COLLATE=utf8mb4_0900_ai_ci COMMENT='充电会话实时表';
/*!40101 SET character_set_client = @saved_cs_client */;

--
-- Dumping data for table `charging_session`
--

LOCK TABLES `charging_session` WRITE;
/*!40000 ALTER TABLE `charging_session` DISABLE KEYS */;
/*!40000 ALTER TABLE `charging_session` ENABLE KEYS */;
UNLOCK TABLES;

--
-- Table structure for table `charging_user`
--

DROP TABLE IF EXISTS `charging_user`;
/*!40101 SET @saved_cs_client     = @@character_set_client */;
/*!50503 SET character_set_client = utf8mb4 */;
CREATE TABLE `charging_user` (
  `id` bigint NOT NULL AUTO_INCREMENT COMMENT '用户ID',
  `user_code` varchar(50) NOT NULL COMMENT '用户编号',
  `username` varchar(50) NOT NULL COMMENT '用户名',
  `phone` varchar(20) NOT NULL COMMENT '手机号',
  `plate_number` varchar(20) DEFAULT NULL COMMENT '车牌号',
  `vehicle_type` varchar(50) DEFAULT NULL COMMENT '车型',
  `member_level_id` bigint DEFAULT NULL COMMENT '会员等级ID',
  `balance` decimal(10,2) DEFAULT '0.00' COMMENT '账户余额',
  `total_consumption` decimal(12,2) DEFAULT '0.00' COMMENT '累计消费',
  `total_charge_count` int DEFAULT '0' COMMENT '累计充电次数',
  `status` tinyint DEFAULT '1' COMMENT '状态: 0-禁用 1-正常',
  `register_time` datetime DEFAULT CURRENT_TIMESTAMP COMMENT '注册时间',
  `create_time` datetime DEFAULT CURRENT_TIMESTAMP COMMENT '创建时间',
  `update_time` datetime DEFAULT CURRENT_TIMESTAMP ON UPDATE CURRENT_TIMESTAMP COMMENT '更新时间',
  PRIMARY KEY (`id`),
  UNIQUE KEY `user_code` (`user_code`),
  KEY `idx_phone` (`phone`),
  KEY `idx_member_level_id` (`member_level_id`)
) ENGINE=InnoDB DEFAULT CHARSET=utf8mb4 COLLATE=utf8mb4_0900_ai_ci COMMENT='充电用户表';
/*!40101 SET character_set_client = @saved_cs_client */;

--
-- Dumping data for table `charging_user`
--

LOCK TABLES `charging_user` WRITE;
/*!40000 ALTER TABLE `charging_user` DISABLE KEYS */;
/*!40000 ALTER TABLE `charging_user` ENABLE KEYS */;
UNLOCK TABLES;

--
-- Table structure for table `daily_settlement`
--

DROP TABLE IF EXISTS `daily_settlement`;
/*!40101 SET @saved_cs_client     = @@character_set_client */;
/*!50503 SET character_set_client = utf8mb4 */;
CREATE TABLE `daily_settlement` (
  `id` bigint NOT NULL AUTO_INCREMENT COMMENT '结算ID',
  `station_id` bigint NOT NULL COMMENT '场站ID',
  `settlement_date` date NOT NULL COMMENT '结算日期',
  `total_orders` int DEFAULT '0' COMMENT '总订单数',
  `total_energy` decimal(12,2) DEFAULT '0.00' COMMENT '总充电量(kWh)',
  `total_electricity_fee` decimal(12,2) DEFAULT '0.00' COMMENT '总电费',
  `total_service_fee` decimal(12,2) DEFAULT '0.00' COMMENT '总服务费',
  `total_parking_fee` decimal(12,2) DEFAULT '0.00' COMMENT '总占位费',
  `total_fee` decimal(12,2) DEFAULT '0.00' COMMENT '总营收',
  `refund_amount` decimal(12,2) DEFAULT '0.00' COMMENT '退款金额',
  `actual_fee` decimal(12,2) DEFAULT '0.00' COMMENT '实际收入',
  `reconciliation_status` tinyint DEFAULT '0' COMMENT '对账状态: 0-未对账 1-已对账 2-差异',
  `reconciliation_remark` varchar(500) DEFAULT NULL COMMENT '对账备注',
  `operator_id` bigint DEFAULT NULL COMMENT '操作人ID',
  `create_time` datetime DEFAULT CURRENT_TIMESTAMP COMMENT '创建时间',
  PRIMARY KEY (`id`),
  UNIQUE KEY `uk_station_date` (`station_id`,`settlement_date`),
  KEY `idx_settlement_date` (`settlement_date`)
) ENGINE=InnoDB DEFAULT CHARSET=utf8mb4 COLLATE=utf8mb4_0900_ai_ci COMMENT='日结算表';
/*!40101 SET character_set_client = @saved_cs_client */;

--
-- Dumping data for table `daily_settlement`
--

LOCK TABLES `daily_settlement` WRITE;
/*!40000 ALTER TABLE `daily_settlement` DISABLE KEYS */;
/*!40000 ALTER TABLE `daily_settlement` ENABLE KEYS */;
UNLOCK TABLES;

--
-- Table structure for table `demand_response_activity`
--

DROP TABLE IF EXISTS `demand_response_activity`;
/*!40101 SET @saved_cs_client     = @@character_set_client */;
/*!50503 SET character_set_client = utf8mb4 */;
CREATE TABLE `demand_response_activity` (
  `id` bigint NOT NULL AUTO_INCREMENT COMMENT '??ID',
  `activity_no` varchar(50) NOT NULL COMMENT '????',
  `activity_name` varchar(200) NOT NULL COMMENT '????',
  `start_time` datetime NOT NULL COMMENT '????',
  `end_time` datetime DEFAULT NULL COMMENT '????',
  `response_type` tinyint NOT NULL COMMENT '????: 1-???? 2-????',
  `target_energy` decimal(10,2) NOT NULL COMMENT '??????(MWh)',
  `actual_energy` decimal(10,2) DEFAULT '0.00' COMMENT '??????(MWh)',
  `completion_rate` decimal(5,2) DEFAULT NULL COMMENT '???(%)',
  `participating_operator_count` int DEFAULT '0' COMMENT '??????',
  `status` tinyint DEFAULT '0' COMMENT '??: 0-??? 1-??? 2-???',
  `remark` varchar(500) DEFAULT NULL COMMENT '??',
  `create_time` datetime DEFAULT CURRENT_TIMESTAMP COMMENT '????',
  `update_time` datetime DEFAULT CURRENT_TIMESTAMP ON UPDATE CURRENT_TIMESTAMP COMMENT '????',
  PRIMARY KEY (`id`),
  UNIQUE KEY `activity_no` (`activity_no`),
  KEY `idx_activity_no` (`activity_no`),
  KEY `idx_response_type` (`response_type`),
  KEY `idx_status` (`status`),
  KEY `idx_start_time` (`start_time`)
) ENGINE=InnoDB AUTO_INCREMENT=11 DEFAULT CHARSET=utf8mb4 COLLATE=utf8mb4_0900_ai_ci COMMENT='???????';
/*!40101 SET character_set_client = @saved_cs_client */;

--
-- Dumping data for table `demand_response_activity`
--

LOCK TABLES `demand_response_activity` WRITE;
/*!40000 ALTER TABLE `demand_response_activity` DISABLE KEYS */;
INSERT INTO `demand_response_activity` VALUES (1,'DR20260503001','5月削峰响应#1','2026-05-03 10:00:00','2026-05-03 15:00:00',1,6000.00,3850.00,64.00,6,1,'5月首轮削峰响应（进行中）','2026-05-03 08:00:00','2026-05-03 13:00:00'),(2,'DR20260503002','5月填谷响应#1','2026-05-02 23:00:00','2026-05-03 06:00:00',2,3500.00,3200.00,91.00,5,1,'夜间填谷响应，消纳富余风电','2026-05-02 20:00:00','2026-05-03 07:00:00'),(3,'DR20260430003','4月削峰响应#3','2026-04-30 10:00:00','2026-04-30 15:00:00',1,5500.00,5280.00,96.00,8,2,'4月第三轮削峰响应（超额完成）','2026-04-29 09:00:00','2026-04-30 16:00:00'),(4,'DR20260428004','4月填谷响应#2','2026-04-28 22:00:00','2026-04-29 06:00:00',2,4200.00,3990.00,95.00,7,2,'4月第二轮填谷响应','2026-04-27 10:00:00','2026-04-29 08:00:00'),(5,'DR20260425005','4月削峰响应#2','2026-04-25 10:00:00','2026-04-25 14:00:00',1,4800.00,4320.00,90.00,7,2,'4月第二轮削峰响应','2026-04-24 09:00:00','2026-04-25 16:00:00'),(6,'DR20260422006','4月填谷响应#1','2026-04-22 23:00:00','2026-04-23 06:00:00',2,3800.00,3610.00,95.00,6,2,'4月首轮填谷响应','2026-04-21 10:00:00','2026-04-23 09:00:00'),(7,'DR20260420007','4月削峰响应#1','2026-04-20 10:00:00','2026-04-20 14:00:00',1,5000.00,4650.00,93.00,8,2,'4月首轮削峰响应','2026-04-19 09:00:00','2026-04-20 16:00:00'),(8,'DR20260415008','3月削峰响应#3','2026-03-28 10:00:00','2026-03-28 14:00:00',1,4500.00,3800.00,84.00,6,2,'3月末削峰响应（完成率略低）','2026-03-27 09:00:00','2026-03-28 16:00:00'),(9,'DR20260505009','5月削峰响应#2','2026-05-05 10:00:00','2026-05-05 15:00:00',1,6500.00,0.00,0.00,0,0,'5月第二轮削峰响应（待启动）','2026-05-03 16:00:00','2026-05-03 16:00:00'),(10,'DR20260508010','5月填谷响应#2','2026-05-08 22:00:00','2026-05-09 06:00:00',2,4000.00,0.00,0.00,0,0,'5月第二轮填谷响应（待启动）','2026-05-03 10:00:00','2026-05-03 10:00:00');
/*!40000 ALTER TABLE `demand_response_activity` ENABLE KEYS */;
UNLOCK TABLES;

--
-- Table structure for table `demand_response_operator_record`
--

DROP TABLE IF EXISTS `demand_response_operator_record`;
/*!40101 SET @saved_cs_client     = @@character_set_client */;
/*!50503 SET character_set_client = utf8mb4 */;
CREATE TABLE `demand_response_operator_record` (
  `id` bigint NOT NULL AUTO_INCREMENT COMMENT '??ID',
  `activity_id` bigint NOT NULL COMMENT '??ID',
  `operator_id` bigint NOT NULL COMMENT '???ID',
  `target_energy` decimal(10,2) DEFAULT NULL COMMENT '??????(MWh)',
  `actual_energy` decimal(10,2) DEFAULT NULL COMMENT '??????(MWh)',
  `completion_rate` decimal(5,2) DEFAULT NULL COMMENT '???(%)',
  `is_qualified` tinyint DEFAULT NULL COMMENT '????: 0-??? 1-??',
  `rank` int DEFAULT NULL COMMENT '??',
  `create_time` datetime DEFAULT CURRENT_TIMESTAMP COMMENT '????',
  PRIMARY KEY (`id`),
  UNIQUE KEY `uk_activity_operator` (`activity_id`,`operator_id`),
  KEY `idx_activity_id` (`activity_id`),
  KEY `idx_operator_id` (`operator_id`)
) ENGINE=InnoDB AUTO_INCREMENT=35 DEFAULT CHARSET=utf8mb4 COLLATE=utf8mb4_0900_ai_ci COMMENT='????????????';
/*!40101 SET character_set_client = @saved_cs_client */;

--
-- Dumping data for table `demand_response_operator_record`
--

LOCK TABLES `demand_response_operator_record` WRITE;
/*!40000 ALTER TABLE `demand_response_operator_record` DISABLE KEYS */;
INSERT INTO `demand_response_operator_record` VALUES (10,1,1,1500.00,1050.00,70.00,1,1,'2026-05-03 13:59:29'),(11,1,5,1200.00,960.00,80.00,1,2,'2026-05-03 13:59:29'),(12,1,8,1000.00,700.00,70.00,1,3,'2026-05-03 13:59:29'),(13,1,2,800.00,560.00,70.00,1,4,'2026-05-03 13:59:29'),(14,1,3,800.00,380.00,47.50,0,5,'2026-05-03 13:59:29'),(15,1,6,700.00,200.00,28.60,0,6,'2026-05-03 13:59:29'),(16,2,5,1000.00,950.00,95.00,1,1,'2026-05-03 13:59:29'),(17,2,1,800.00,780.00,97.50,1,2,'2026-05-03 13:59:29'),(18,2,7,700.00,650.00,92.80,1,3,'2026-05-03 13:59:29'),(19,2,4,500.00,450.00,90.00,1,4,'2026-05-03 13:59:29'),(20,2,8,500.00,370.00,74.00,0,5,'2026-05-03 13:59:29'),(21,3,1,1200.00,1200.00,100.00,1,1,'2026-04-30 15:00:00'),(22,3,5,1000.00,980.00,98.00,1,2,'2026-04-30 15:00:00'),(23,3,8,900.00,880.00,97.80,1,3,'2026-04-30 15:00:00'),(24,3,2,800.00,760.00,95.00,1,4,'2026-04-30 15:00:00'),(25,3,3,600.00,540.00,90.00,1,5,'2026-04-30 15:00:00'),(26,3,7,500.00,440.00,88.00,1,6,'2026-04-30 15:00:00'),(27,3,4,300.00,280.00,93.30,1,7,'2026-04-30 15:00:00'),(28,3,6,200.00,200.00,100.00,1,8,'2026-04-30 15:00:00'),(29,6,5,1000.00,980.00,98.00,1,1,'2026-04-23 08:00:00'),(30,6,1,900.00,860.00,95.50,1,2,'2026-04-23 08:00:00'),(31,6,8,700.00,665.00,95.00,1,3,'2026-04-23 08:00:00'),(32,6,2,500.00,480.00,96.00,1,4,'2026-04-23 08:00:00'),(33,6,3,400.00,370.00,92.50,1,5,'2026-04-23 08:00:00'),(34,6,7,300.00,255.00,85.00,0,6,'2026-04-23 08:00:00');
/*!40000 ALTER TABLE `demand_response_operator_record` ENABLE KEYS */;
UNLOCK TABLES;

--
-- Table structure for table `device`
--

DROP TABLE IF EXISTS `device`;
/*!40101 SET @saved_cs_client     = @@character_set_client */;
/*!50503 SET character_set_client = utf8mb4 */;
CREATE TABLE `device` (
  `id` bigint NOT NULL AUTO_INCREMENT COMMENT '设备ID',
  `device_code` varchar(50) NOT NULL COMMENT '设备编号',
  `device_name` varchar(100) DEFAULT NULL COMMENT '设备名称',
  `type_id` bigint NOT NULL COMMENT '设备类型ID',
  `is_v2g` tinyint DEFAULT '0' COMMENT '??V2G?: 0-? 1-?',
  `station_id` bigint NOT NULL COMMENT '场站ID',
  `operator_id` bigint DEFAULT NULL COMMENT '?????ID',
  `region_code` varchar(50) DEFAULT NULL COMMENT '????',
  `area_code` varchar(50) DEFAULT NULL COMMENT '区域编码',
  `position` varchar(100) DEFAULT NULL COMMENT '具体位置',
  `manufacturer` varchar(100) DEFAULT NULL COMMENT '生产厂家',
  `model` varchar(50) DEFAULT NULL COMMENT '设备型号',
  `serial_number` varchar(100) DEFAULT NULL COMMENT '序列号',
  `firmware_version` varchar(50) DEFAULT NULL COMMENT '固件版本',
  `power_rating` decimal(10,2) DEFAULT NULL COMMENT '额定功率(kW)',
  `voltage_rating` decimal(10,2) DEFAULT NULL COMMENT '额定电压(V)',
  `commission_date` date DEFAULT NULL COMMENT '投运日期',
  `warranty_expiry_date` date DEFAULT NULL COMMENT '质保到期日期',
  `maintenance_cycle_days` int DEFAULT NULL COMMENT '维保周期(天)',
  `last_maintenance_date` date DEFAULT NULL COMMENT '上次维保日期',
  `next_maintenance_date` date DEFAULT NULL COMMENT '下次维保日期',
  `status` tinyint DEFAULT '0' COMMENT '状态: 0-离线 1-在线 2-故障 3-维护中',
  `last_comm_time` datetime DEFAULT NULL COMMENT '??????',
  `real_time_power` decimal(10,2) DEFAULT '0.00' COMMENT '实时功率(kW)',
  `real_time_current` decimal(10,2) DEFAULT '0.00' COMMENT '实时电流(A)',
  `real_time_voltage` decimal(10,2) DEFAULT '0.00' COMMENT '实时电压(V)',
  `total_energy` decimal(12,2) DEFAULT '0.00' COMMENT '累计充电量(kWh)',
  `create_time` datetime DEFAULT CURRENT_TIMESTAMP COMMENT '创建时间',
  `update_time` datetime DEFAULT CURRENT_TIMESTAMP ON UPDATE CURRENT_TIMESTAMP COMMENT '更新时间',
  PRIMARY KEY (`id`),
  UNIQUE KEY `device_code` (`device_code`),
  KEY `idx_type_id` (`type_id`),
  KEY `idx_station_id` (`station_id`),
  KEY `idx_status` (`status`),
  KEY `idx_area_code` (`area_code`),
  KEY `idx_next_maintenance_date` (`next_maintenance_date`),
  KEY `idx_operator_id` (`operator_id`),
  KEY `idx_region_code` (`region_code`),
  KEY `idx_is_v2g` (`is_v2g`)
) ENGINE=InnoDB AUTO_INCREMENT=64 DEFAULT CHARSET=utf8mb4 COLLATE=utf8mb4_0900_ai_ci COMMENT='设备档案表';
/*!40101 SET character_set_client = @saved_cs_client */;

--
-- Dumping data for table `device`
--

LOCK TABLES `device` WRITE;
/*!40000 ALTER TABLE `device` DISABLE KEYS */;
INSERT INTO `device` VALUES (1,'AC-001','交流桩001',1,0,28,NULL,NULL,'A','A区-01号','XX科技','AC-7KW-V1','SN2024001',NULL,7.00,220.00,NULL,NULL,NULL,NULL,NULL,1,NULL,0.00,0.00,0.00,1250.50,'2026-04-18 12:24:17','2026-04-19 23:04:03'),(2,'AC-002','交流桩002',1,0,28,NULL,NULL,'A','A区-02号','XX科技','AC-7KW-V1','SN2024002',NULL,7.00,220.00,NULL,NULL,NULL,NULL,NULL,1,NULL,0.00,0.00,0.00,980.30,'2026-04-18 12:24:17','2026-04-19 23:04:03'),(3,'AC-003','交流桩003',2,0,28,NULL,NULL,'A','A区-03号','XX科技','AC-11KW-V1','SN2024003',NULL,11.00,220.00,NULL,NULL,NULL,NULL,NULL,1,NULL,0.00,0.00,0.00,1560.80,'2026-04-18 12:24:17','2026-04-19 23:04:03'),(4,'DC-001','直流桩001',3,0,28,NULL,NULL,'B','B区-01号','YY电气','DC-60KW-V2','SN2024004',NULL,60.00,380.00,NULL,NULL,NULL,NULL,NULL,1,NULL,0.00,0.00,0.00,5680.20,'2026-04-18 12:24:17','2026-04-19 23:04:03'),(5,'DC-002','直流桩002',3,0,28,NULL,NULL,'B','B区-02号','YY电气','DC-60KW-V2','SN2024005',NULL,60.00,380.00,NULL,NULL,NULL,NULL,NULL,1,NULL,0.00,0.00,0.00,4320.10,'2026-04-18 12:24:17','2026-04-19 23:04:03'),(6,'DC-003','直流桩003',4,0,28,NULL,NULL,'B','B区-03号','YY电气','DC-120KW-V2','SN2024006',NULL,120.00,380.00,NULL,NULL,NULL,NULL,NULL,1,NULL,0.00,0.00,0.00,8920.60,'2026-04-18 12:24:17','2026-04-19 23:04:03'),(45,'DEV20260001','充电桩#001',1,1,28,1,'440305006',NULL,'1号位',NULL,NULL,'DEV20260001',NULL,NULL,NULL,NULL,NULL,NULL,NULL,NULL,1,'2026-04-19 21:09:27',0.00,0.00,0.00,0.00,'2026-04-19 21:09:27','2026-04-19 23:04:03'),(46,'DEV20260002','充电桩#002',1,1,28,1,'440305006',NULL,'2号位',NULL,NULL,'DEV20260002',NULL,NULL,NULL,NULL,NULL,NULL,NULL,NULL,1,'2026-04-19 21:09:27',0.00,0.00,0.00,0.00,'2026-04-19 21:09:27','2026-04-19 23:04:03'),(47,'DEV20260003','充电桩#003',1,0,28,1,'440305006',NULL,'3号位',NULL,NULL,'DEV20260003',NULL,NULL,NULL,NULL,NULL,NULL,NULL,NULL,1,'2026-04-19 21:09:27',0.00,0.00,0.00,0.00,'2026-04-19 21:09:27','2026-04-19 23:04:03'),(48,'DEV20260004','充电桩#004',1,1,28,1,'440305006',NULL,'4号位',NULL,NULL,'DEV20260004',NULL,NULL,NULL,NULL,NULL,NULL,NULL,NULL,0,'2026-04-19 21:09:27',0.00,0.00,0.00,0.00,'2026-04-19 21:09:27','2026-04-19 23:04:03'),(49,'DEV20260005','充电桩#005',1,0,28,1,'440305006',NULL,'5号位',NULL,NULL,'DEV20260005',NULL,NULL,NULL,NULL,NULL,NULL,NULL,NULL,1,'2026-04-19 21:09:27',0.00,0.00,0.00,0.00,'2026-04-19 21:09:27','2026-04-19 23:04:03'),(50,'DEV20260101','充电桩#001',1,1,29,1,'440305005',NULL,'1号位',NULL,NULL,'DEV20260101',NULL,NULL,NULL,NULL,NULL,NULL,NULL,NULL,1,'2026-04-19 21:09:27',0.00,0.00,0.00,0.00,'2026-04-19 21:09:27','2026-04-19 23:04:03'),(51,'DEV20260102','充电桩#002',1,0,29,1,'440305005',NULL,'2号位',NULL,NULL,'DEV20260102',NULL,NULL,NULL,NULL,NULL,NULL,NULL,NULL,1,'2026-04-19 21:09:27',0.00,0.00,0.00,0.00,'2026-04-19 21:09:27','2026-04-19 23:04:03'),(52,'DEV20260103','充电桩#003',1,1,29,1,'440305005',NULL,'3号位',NULL,NULL,'DEV20260103',NULL,NULL,NULL,NULL,NULL,NULL,NULL,NULL,1,'2026-04-19 21:09:27',0.00,0.00,0.00,0.00,'2026-04-19 21:09:27','2026-04-19 23:04:03'),(53,'DEV20260104','充电桩#004',1,0,29,1,'440305005',NULL,'4号位',NULL,NULL,'DEV20260104',NULL,NULL,NULL,NULL,NULL,NULL,NULL,NULL,0,'2026-04-19 21:09:27',0.00,0.00,0.00,0.00,'2026-04-19 21:09:27','2026-04-19 23:04:03'),(54,'DEV20261001','充电桩#001',1,1,32,2,'440304001',NULL,'1号位',NULL,NULL,'DEV20261001',NULL,NULL,NULL,NULL,NULL,NULL,NULL,NULL,1,'2026-04-19 21:09:27',0.00,0.00,0.00,0.00,'2026-04-19 21:09:27','2026-04-19 23:04:03'),(55,'DEV20261002','充电桩#002',1,0,32,2,'440304001',NULL,'2号位',NULL,NULL,'DEV20261002',NULL,NULL,NULL,NULL,NULL,NULL,NULL,NULL,1,'2026-04-19 21:09:27',0.00,0.00,0.00,0.00,'2026-04-19 21:09:27','2026-04-19 23:04:03'),(56,'DEV20261003','充电桩#003',1,1,32,2,'440304001',NULL,'3号位',NULL,NULL,'DEV20261003',NULL,NULL,NULL,NULL,NULL,NULL,NULL,NULL,1,'2026-04-19 21:09:27',0.00,0.00,0.00,0.00,'2026-04-19 21:09:27','2026-04-19 23:04:03'),(57,'DEV20261004','充电桩#004',1,0,32,2,'440304001',NULL,'4号位',NULL,NULL,'DEV20261004',NULL,NULL,NULL,NULL,NULL,NULL,NULL,NULL,0,'2026-04-19 21:09:27',0.00,0.00,0.00,0.00,'2026-04-19 21:09:27','2026-04-19 23:04:03'),(58,'DEV20262001','充电桩#001',1,1,35,3,'440306001',NULL,'1号位',NULL,NULL,'DEV20262001',NULL,NULL,NULL,NULL,NULL,NULL,NULL,NULL,1,'2026-04-19 21:09:27',0.00,0.00,0.00,0.00,'2026-04-19 21:09:27','2026-04-19 23:04:03'),(59,'DEV20262002','充电桩#002',1,1,35,3,'440306001',NULL,'2号位',NULL,NULL,'DEV20262002',NULL,NULL,NULL,NULL,NULL,NULL,NULL,NULL,1,'2026-04-19 21:09:27',0.00,0.00,0.00,0.00,'2026-04-19 21:09:27','2026-04-19 23:04:03'),(60,'DEV20262003','充电桩#003',1,0,35,3,'440306001',NULL,'3号位',NULL,NULL,'DEV20262003',NULL,NULL,NULL,NULL,NULL,NULL,NULL,NULL,1,'2026-04-19 21:09:27',0.00,0.00,0.00,0.00,'2026-04-19 21:09:27','2026-04-19 23:04:03'),(61,'DEV20263001','充电桩#001',1,0,37,4,'440303003',NULL,'1号位',NULL,NULL,'DEV20263001',NULL,NULL,NULL,NULL,NULL,NULL,NULL,NULL,1,'2026-04-19 21:09:27',0.00,0.00,0.00,0.00,'2026-04-19 21:09:27','2026-04-19 23:04:03'),(62,'DEV20263002','充电桩#002',1,1,37,4,'440303003',NULL,'2号位',NULL,NULL,'DEV20263002',NULL,NULL,NULL,NULL,NULL,NULL,NULL,NULL,1,'2026-04-19 21:09:27',0.00,0.00,0.00,0.00,'2026-04-19 21:09:27','2026-04-19 23:04:03'),(63,'DEV20263003','充电桩#003',1,0,37,4,'440303003',NULL,'3号位',NULL,NULL,'DEV20263003',NULL,NULL,NULL,NULL,NULL,NULL,NULL,NULL,0,'2026-04-19 21:09:27',0.00,0.00,0.00,0.00,'2026-04-19 21:09:27','2026-04-19 23:04:03');
/*!40000 ALTER TABLE `device` ENABLE KEYS */;
UNLOCK TABLES;

--
-- Table structure for table `device_data_history`
--

DROP TABLE IF EXISTS `device_data_history`;
/*!40101 SET @saved_cs_client     = @@character_set_client */;
/*!50503 SET character_set_client = utf8mb4 */;
CREATE TABLE `device_data_history` (
  `id` bigint NOT NULL AUTO_INCREMENT COMMENT '数据ID',
  `device_id` bigint NOT NULL COMMENT '设备ID',
  `station_id` bigint NOT NULL COMMENT '场站ID',
  `power` decimal(10,2) DEFAULT NULL COMMENT '功率(kW)',
  `voltage` decimal(10,2) DEFAULT NULL COMMENT '电压(V)',
  `current` decimal(10,2) DEFAULT NULL COMMENT '电流(A)',
  `energy` decimal(10,2) DEFAULT NULL COMMENT '累计电量(kWh)',
  `temperature` decimal(5,2) DEFAULT NULL COMMENT '温度(℃)',
  `total_load` decimal(10,2) DEFAULT NULL COMMENT '场站总负荷(kW)',
  `data_time` datetime NOT NULL COMMENT '数据时间',
  `create_time` datetime DEFAULT CURRENT_TIMESTAMP COMMENT '创建时间',
  PRIMARY KEY (`id`),
  KEY `idx_device_id` (`device_id`),
  KEY `idx_data_time` (`data_time`),
  KEY `idx_device_time` (`device_id`,`data_time`)
) ENGINE=InnoDB DEFAULT CHARSET=utf8mb4 COLLATE=utf8mb4_0900_ai_ci COMMENT='设备运行数据历史表';
/*!40101 SET character_set_client = @saved_cs_client */;

--
-- Dumping data for table `device_data_history`
--

LOCK TABLES `device_data_history` WRITE;
/*!40000 ALTER TABLE `device_data_history` DISABLE KEYS */;
/*!40000 ALTER TABLE `device_data_history` ENABLE KEYS */;
UNLOCK TABLES;

--
-- Table structure for table `device_maintenance`
--

DROP TABLE IF EXISTS `device_maintenance`;
/*!40101 SET @saved_cs_client     = @@character_set_client */;
/*!50503 SET character_set_client = utf8mb4 */;
CREATE TABLE `device_maintenance` (
  `id` bigint NOT NULL AUTO_INCREMENT COMMENT '维保记录ID',
  `device_id` bigint NOT NULL COMMENT '设备ID',
  `maintenance_type` tinyint NOT NULL COMMENT '维保类型: 1-定期维保 2-故障维修 3-升级改造',
  `maintenance_date` date NOT NULL COMMENT '维保日期',
  `maintenance_content` text COMMENT '维保内容',
  `maintenance_result` text COMMENT '维保结果',
  `next_maintenance_date` date DEFAULT NULL COMMENT '下次维保日期',
  `operator_id` bigint DEFAULT NULL COMMENT '操作人ID',
  `cost` decimal(10,2) DEFAULT NULL COMMENT '维保费用',
  `attachment_urls` varchar(1000) DEFAULT NULL COMMENT '附件地址(逗号分隔)',
  `remark` varchar(500) DEFAULT NULL COMMENT '备注',
  `create_time` datetime DEFAULT CURRENT_TIMESTAMP COMMENT '创建时间',
  PRIMARY KEY (`id`),
  KEY `idx_device_id` (`device_id`),
  KEY `idx_maintenance_date` (`maintenance_date`)
) ENGINE=InnoDB DEFAULT CHARSET=utf8mb4 COLLATE=utf8mb4_0900_ai_ci COMMENT='设备维保记录表';
/*!40101 SET character_set_client = @saved_cs_client */;

--
-- Dumping data for table `device_maintenance`
--

LOCK TABLES `device_maintenance` WRITE;
/*!40000 ALTER TABLE `device_maintenance` DISABLE KEYS */;
/*!40000 ALTER TABLE `device_maintenance` ENABLE KEYS */;
UNLOCK TABLES;

--
-- Table structure for table `device_ota_record`
--

DROP TABLE IF EXISTS `device_ota_record`;
/*!40101 SET @saved_cs_client     = @@character_set_client */;
/*!50503 SET character_set_client = utf8mb4 */;
CREATE TABLE `device_ota_record` (
  `id` bigint NOT NULL AUTO_INCREMENT COMMENT '升级记录ID',
  `device_id` bigint NOT NULL COMMENT '设备ID',
  `old_version` varchar(50) DEFAULT NULL COMMENT '旧版本号',
  `new_version` varchar(50) NOT NULL COMMENT '新版本号',
  `upgrade_type` tinyint DEFAULT NULL COMMENT '升级类型: 1-固件 2-配置',
  `status` tinyint DEFAULT '0' COMMENT '状态: 0-待升级 1-升级中 2-成功 3-失败 4-已回滚',
  `start_time` datetime DEFAULT NULL COMMENT '开始时间',
  `end_time` datetime DEFAULT NULL COMMENT '结束时间',
  `fail_reason` text COMMENT '失败原因',
  `operator_id` bigint DEFAULT NULL COMMENT '操作人ID',
  `create_time` datetime DEFAULT CURRENT_TIMESTAMP COMMENT '创建时间',
  PRIMARY KEY (`id`),
  KEY `idx_device_id` (`device_id`),
  KEY `idx_status` (`status`)
) ENGINE=InnoDB DEFAULT CHARSET=utf8mb4 COLLATE=utf8mb4_0900_ai_ci COMMENT='设备OTA升级记录表';
/*!40101 SET character_set_client = @saved_cs_client */;

--
-- Dumping data for table `device_ota_record`
--

LOCK TABLES `device_ota_record` WRITE;
/*!40000 ALTER TABLE `device_ota_record` DISABLE KEYS */;
/*!40000 ALTER TABLE `device_ota_record` ENABLE KEYS */;
UNLOCK TABLES;

--
-- Table structure for table `device_type`
--

DROP TABLE IF EXISTS `device_type`;
/*!40101 SET @saved_cs_client     = @@character_set_client */;
/*!50503 SET character_set_client = utf8mb4 */;
CREATE TABLE `device_type` (
  `id` bigint NOT NULL AUTO_INCREMENT COMMENT '类型ID',
  `type_code` varchar(50) NOT NULL COMMENT '类型编码',
  `type_name` varchar(50) NOT NULL COMMENT '类型名称',
  `description` varchar(255) DEFAULT NULL COMMENT '描述',
  `status` tinyint DEFAULT '1' COMMENT '状态',
  `create_time` datetime DEFAULT CURRENT_TIMESTAMP COMMENT '创建时间',
  PRIMARY KEY (`id`),
  UNIQUE KEY `type_code` (`type_code`)
) ENGINE=InnoDB AUTO_INCREMENT=6 DEFAULT CHARSET=utf8mb4 COLLATE=utf8mb4_0900_ai_ci COMMENT='设备类型字典表';
/*!40101 SET character_set_client = @saved_cs_client */;

--
-- Dumping data for table `device_type`
--

LOCK TABLES `device_type` WRITE;
/*!40000 ALTER TABLE `device_type` DISABLE KEYS */;
INSERT INTO `device_type` VALUES (1,'AC_CHARGER','交流充电桩','慢充桩',1,'2026-04-18 12:22:53'),(2,'DC_CHARGER','直流充电桩','快充桩',1,'2026-04-18 12:22:53'),(3,'V2G','V2G设备','车网互动设备',1,'2026-04-18 12:22:53'),(4,'ENERGY_STORAGE','储能设备','储能系统',1,'2026-04-18 12:22:53'),(5,'PHOTOVOLTAIC','光伏设备','光伏发电设备',1,'2026-04-18 12:22:53');
/*!40000 ALTER TABLE `device_type` ENABLE KEYS */;
UNLOCK TABLES;

--
-- Table structure for table `dispatch_history`
--

DROP TABLE IF EXISTS `dispatch_history`;
/*!40101 SET @saved_cs_client     = @@character_set_client */;
/*!50503 SET character_set_client = utf8mb4 */;
CREATE TABLE `dispatch_history` (
  `id` bigint NOT NULL AUTO_INCREMENT COMMENT '??ID',
  `task_id` bigint NOT NULL COMMENT '??ID',
  `station_id` bigint NOT NULL COMMENT '??ID',
  `charge_power_limit` decimal(10,2) DEFAULT NULL COMMENT '??????(kW)',
  `discharge_power_limit` decimal(10,2) DEFAULT NULL COMMENT '??????(kW)',
  `effective_start_time` datetime DEFAULT NULL COMMENT '??????',
  `effective_end_time` datetime DEFAULT NULL COMMENT '??????',
  `create_time` datetime DEFAULT CURRENT_TIMESTAMP COMMENT '????',
  PRIMARY KEY (`id`),
  KEY `idx_task_id` (`task_id`),
  KEY `idx_station_id` (`station_id`)
) ENGINE=InnoDB DEFAULT CHARSET=utf8mb4 COLLATE=utf8mb4_0900_ai_ci COMMENT='???????';
/*!40101 SET character_set_client = @saved_cs_client */;

--
-- Dumping data for table `dispatch_history`
--

LOCK TABLES `dispatch_history` WRITE;
/*!40000 ALTER TABLE `dispatch_history` DISABLE KEYS */;
/*!40000 ALTER TABLE `dispatch_history` ENABLE KEYS */;
UNLOCK TABLES;

--
-- Table structure for table `dispatch_station_allocation`
--

DROP TABLE IF EXISTS `dispatch_station_allocation`;
/*!40101 SET @saved_cs_client     = @@character_set_client */;
/*!50503 SET character_set_client = utf8mb4 */;
CREATE TABLE `dispatch_station_allocation` (
  `id` bigint NOT NULL AUTO_INCREMENT COMMENT '??ID',
  `task_id` bigint NOT NULL COMMENT '??ID',
  `station_id` bigint NOT NULL COMMENT '??ID',
  `station_name` varchar(100) DEFAULT NULL COMMENT '????',
  `operator_id` bigint DEFAULT NULL COMMENT '???ID',
  `region_code` varchar(50) DEFAULT NULL COMMENT '????',
  `max_charge_power` decimal(10,2) DEFAULT NULL COMMENT '????????(kW)',
  `max_discharge_power` decimal(10,2) DEFAULT NULL COMMENT '????????(kW)',
  `total_power_limit` decimal(10,2) DEFAULT NULL COMMENT '???????(kW)',
  `actual_charge_power` decimal(10,2) DEFAULT NULL COMMENT '????????(kW)',
  `actual_discharge_power` decimal(10,2) DEFAULT NULL COMMENT '????????(kW)',
  `execution_deviation` decimal(5,2) DEFAULT NULL COMMENT '????(%)',
  `execution_status` tinyint DEFAULT '1' COMMENT '????: 1-?? 2-??? 3-??? 4-??',
  `transformer_capacity` decimal(10,2) DEFAULT NULL COMMENT '???????(kVA)',
  `transformer_limit` decimal(10,2) DEFAULT NULL COMMENT '?????(kW)',
  `remark` varchar(500) DEFAULT NULL COMMENT '??',
  `create_time` datetime DEFAULT CURRENT_TIMESTAMP COMMENT '????',
  `update_time` datetime DEFAULT CURRENT_TIMESTAMP ON UPDATE CURRENT_TIMESTAMP COMMENT '????',
  PRIMARY KEY (`id`),
  UNIQUE KEY `uk_task_station` (`task_id`,`station_id`),
  KEY `idx_task_id` (`task_id`),
  KEY `idx_station_id` (`station_id`),
  KEY `idx_operator_id` (`operator_id`),
  KEY `idx_region_code` (`region_code`),
  KEY `idx_execution_status` (`execution_status`)
) ENGINE=InnoDB AUTO_INCREMENT=17 DEFAULT CHARSET=utf8mb4 COLLATE=utf8mb4_0900_ai_ci COMMENT='???????';
/*!40101 SET character_set_client = @saved_cs_client */;

--
-- Dumping data for table `dispatch_station_allocation`
--

LOCK TABLES `dispatch_station_allocation` WRITE;
/*!40000 ALTER TABLE `dispatch_station_allocation` DISABLE KEYS */;
INSERT INTO `dispatch_station_allocation` VALUES (1,1,28,'南山科技园充电站',1,'440305',1500.00,800.00,2000.00,1350.00,720.00,3.00,1,2500.00,2000.00,'正常','2026-05-03 13:59:29','2026-05-03 13:59:29'),(2,1,29,'南山前海充电站',1,'440305',1200.00,600.00,1600.00,1100.00,550.00,2.50,1,2000.00,1600.00,'正常','2026-05-03 13:59:29','2026-05-03 13:59:29'),(3,1,30,'南山中心充电站',1,'440305',1000.00,500.00,1400.00,950.00,480.00,2.00,1,1800.00,1400.00,'正常','2026-05-03 13:59:29','2026-05-03 13:59:29'),(4,1,31,'南山西丽充电站',1,'440305',1500.00,900.00,2000.00,800.00,350.00,15.00,2,2500.00,2000.00,'超功率运行','2026-05-03 13:59:29','2026-05-03 13:59:29'),(5,2,32,'福田CBD充电站',2,'440304',0.00,1600.00,1600.00,0.00,1400.00,5.00,1,2000.00,1600.00,'正常','2026-05-03 13:59:29','2026-05-03 13:59:29'),(6,2,33,'福田中心充电站',2,'440304',0.00,1200.00,1200.00,0.00,1100.00,4.50,1,1600.00,1200.00,'正常','2026-05-03 13:59:29','2026-05-03 13:59:29'),(7,2,34,'福田华强北充电站',2,'440304',0.00,1000.00,1000.00,0.00,700.00,8.00,1,1400.00,1000.00,'正常','2026-05-03 13:59:29','2026-05-03 13:59:29'),(8,3,28,'南山科技园充电站',1,'440305',2000.00,400.00,2200.00,1950.00,380.00,1.50,1,2500.00,2200.00,'正常','2026-05-03 13:59:30','2026-05-03 13:59:30'),(9,3,29,'南山前海充电站',1,'440305',1800.00,300.00,2000.00,1750.00,280.00,2.00,1,2000.00,2000.00,'正常','2026-05-03 13:59:30','2026-05-03 13:59:30'),(10,3,30,'南山中心充电站',1,'440305',1500.00,250.00,1600.00,1450.00,240.00,1.80,1,1800.00,1600.00,'正常','2026-05-03 13:59:30','2026-05-03 13:59:30'),(11,3,31,'南山西丽充电站',1,'440305',1500.00,250.00,1600.00,1350.00,250.00,3.00,1,2500.00,1600.00,'正常','2026-05-03 13:59:30','2026-05-03 13:59:30'),(12,4,35,'宝安中心充电站',3,'440306',1800.00,1200.00,2500.00,1700.00,1150.00,2.00,1,3000.00,2500.00,'正常','2026-05-03 13:59:30','2026-05-03 13:59:30'),(13,4,36,'宝安西乡充电站',3,'440306',1500.00,1000.00,2000.00,1400.00,950.00,3.50,1,2500.00,2000.00,'正常','2026-05-03 13:59:30','2026-05-03 13:59:30'),(14,4,37,'罗湖口岸充电站',4,'440303',1200.00,800.00,1800.00,1100.00,700.00,4.00,1,2200.00,1800.00,'正常','2026-05-03 13:59:30','2026-05-03 13:59:30'),(15,10,37,'罗湖口岸充电站',4,'440303',2000.00,1000.00,2500.00,1800.00,0.00,25.00,2,3000.00,2500.00,'超功率运行告警','2026-05-03 13:59:30','2026-05-03 13:59:30'),(16,10,38,'罗湖商业城充电站',4,'440303',2000.00,1000.00,2500.00,0.00,0.00,0.00,3,2800.00,2500.00,'设备未响应调度指令','2026-05-03 13:59:30','2026-05-03 13:59:30');
/*!40000 ALTER TABLE `dispatch_station_allocation` ENABLE KEYS */;
UNLOCK TABLES;

--
-- Table structure for table `dispatch_task`
--

DROP TABLE IF EXISTS `dispatch_task`;
/*!40101 SET @saved_cs_client     = @@character_set_client */;
/*!50503 SET character_set_client = utf8mb4 */;
CREATE TABLE `dispatch_task` (
  `id` bigint NOT NULL AUTO_INCREMENT COMMENT '??ID',
  `task_no` varchar(50) NOT NULL COMMENT '????',
  `dispatch_mode` tinyint DEFAULT '1' COMMENT '????: 1-???? 2-????',
  `dispatch_type` tinyint DEFAULT NULL COMMENT '????: 1-?? 2-?? 3-????',
  `start_time` datetime NOT NULL COMMENT '????',
  `end_time` datetime DEFAULT NULL COMMENT '????',
  `region_code` varchar(50) DEFAULT NULL COMMENT '????',
  `total_charge_power` decimal(10,2) DEFAULT NULL COMMENT '???????(kW)',
  `total_discharge_power` decimal(10,2) DEFAULT NULL COMMENT '???????(kW)',
  `actual_charge_power` decimal(10,2) DEFAULT NULL COMMENT '??????(kW)',
  `actual_discharge_power` decimal(10,2) DEFAULT NULL COMMENT '??????(kW)',
  `execution_rate` decimal(5,2) DEFAULT NULL COMMENT '???(%)',
  `available_station_count` int DEFAULT '0' COMMENT '??????',
  `overload_station_count` int DEFAULT '0' COMMENT '??????',
  `grid_constraint_status` tinyint DEFAULT '1' COMMENT '??????: 1-?? 2-????',
  `status` tinyint DEFAULT '0' COMMENT '??: 0-??? 1-??? 2-??? 3-??',
  `creator_id` bigint DEFAULT NULL COMMENT '???ID',
  `create_time` datetime DEFAULT CURRENT_TIMESTAMP COMMENT '????',
  `update_time` datetime DEFAULT CURRENT_TIMESTAMP ON UPDATE CURRENT_TIMESTAMP COMMENT '????',
  PRIMARY KEY (`id`),
  UNIQUE KEY `task_no` (`task_no`),
  KEY `idx_task_no` (`task_no`),
  KEY `idx_dispatch_mode` (`dispatch_mode`),
  KEY `idx_region_code` (`region_code`),
  KEY `idx_status` (`status`)
) ENGINE=InnoDB AUTO_INCREMENT=11 DEFAULT CHARSET=utf8mb4 COLLATE=utf8mb4_0900_ai_ci COMMENT='?????';
/*!40101 SET character_set_client = @saved_cs_client */;

--
-- Dumping data for table `dispatch_task`
--

LOCK TABLES `dispatch_task` WRITE;
/*!40000 ALTER TABLE `dispatch_task` DISABLE KEYS */;
INSERT INTO `dispatch_task` VALUES (1,'DS20260503001',1,3,'2026-05-03 08:00:00','2026-05-03 22:00:00','440305',5200.00,2800.00,4200.00,2100.00,75.00,4,1,1,1,NULL,'2026-05-03 07:00:00','2026-05-03 14:00:00'),(2,'DS20260503002',2,2,'2026-05-03 10:00:00','2026-05-03 18:00:00','440304',0.00,3800.00,0.00,3200.00,84.20,3,0,1,1,NULL,'2026-05-03 09:00:00','2026-05-03 15:00:00'),(3,'DS20260501003',1,1,'2026-05-01 06:00:00','2026-05-02 06:00:00','440305',6800.00,1200.00,6500.00,1150.00,95.00,4,0,1,2,NULL,'2026-05-01 05:00:00','2026-05-02 07:00:00'),(4,'DS20260430004',1,3,'2026-04-30 08:00:00','2026-04-30 22:00:00','440306',4500.00,3000.00,4200.00,2800.00,93.30,3,0,1,2,NULL,'2026-04-30 07:00:00','2026-04-30 23:00:00'),(5,'DS20260428005',2,1,'2026-04-28 10:00:00','2026-04-28 18:00:00','440304',3200.00,0.00,3100.00,0.00,96.80,3,0,1,2,NULL,'2026-04-28 09:00:00','2026-04-28 19:00:00'),(6,'DS20260425006',1,2,'2026-04-25 14:00:00','2026-04-25 22:00:00','440307',0.00,5000.00,0.00,4600.00,92.00,4,0,1,2,NULL,'2026-04-25 13:00:00','2026-04-25 23:00:00'),(7,'DS20260420007',1,3,'2026-04-20 08:00:00','2026-04-20 20:00:00','440306',3800.00,2500.00,3700.00,2400.00,96.80,3,0,1,2,NULL,'2026-04-20 07:00:00','2026-04-20 21:00:00'),(8,'DS20260505008',1,1,'2026-05-05 06:00:00','2026-05-06 06:00:00','440305',7200.00,1500.00,0.00,0.00,0.00,4,0,1,0,NULL,'2026-05-03 16:00:00','2026-05-03 16:00:00'),(9,'DS20260507009',2,3,'2026-05-07 10:00:00','2026-05-07 22:00:00','440304',5000.00,3500.00,0.00,0.00,0.00,3,0,1,0,NULL,'2026-05-03 17:00:00','2026-05-03 17:00:00'),(10,'DS20260502010',1,1,'2026-05-02 10:00:00','2026-05-02 20:00:00','440309',4000.00,2000.00,1800.00,0.00,35.00,2,2,2,3,NULL,'2026-05-02 09:00:00','2026-05-02 15:00:00');
/*!40000 ALTER TABLE `dispatch_task` ENABLE KEYS */;
UNLOCK TABLES;

--
-- Table structure for table `emergency_dispatch_command`
--

DROP TABLE IF EXISTS `emergency_dispatch_command`;
/*!40101 SET @saved_cs_client     = @@character_set_client */;
/*!50503 SET character_set_client = utf8mb4 */;
CREATE TABLE `emergency_dispatch_command` (
  `id` bigint NOT NULL AUTO_INCREMENT COMMENT '??ID',
  `command_no` varchar(50) NOT NULL COMMENT '????',
  `command_type` tinyint NOT NULL COMMENT '????: 1-???? 2-?? 3-??',
  `target_operator_id` bigint DEFAULT NULL,
  `target_station_id` bigint DEFAULT NULL COMMENT '????ID(??????)',
  `command_content` text COMMENT '????',
  `start_time` datetime DEFAULT NULL,
  `end_time` datetime DEFAULT NULL,
  `issuer_id` bigint DEFAULT NULL COMMENT '???ID',
  `issue_time` datetime DEFAULT CURRENT_TIMESTAMP COMMENT '????',
  `status` tinyint DEFAULT '0' COMMENT '??: 0-??? 1-??? 2-??? 3-???',
  `execution_result` text COMMENT '????',
  `create_time` datetime DEFAULT CURRENT_TIMESTAMP COMMENT '????',
  `update_time` datetime DEFAULT CURRENT_TIMESTAMP ON UPDATE CURRENT_TIMESTAMP COMMENT '????',
  PRIMARY KEY (`id`),
  UNIQUE KEY `command_no` (`command_no`),
  KEY `idx_command_no` (`command_no`),
  KEY `idx_command_type` (`command_type`),
  KEY `idx_target_operator_id` (`target_operator_id`),
  KEY `idx_status` (`status`)
) ENGINE=InnoDB AUTO_INCREMENT=12 DEFAULT CHARSET=utf8mb4 COLLATE=utf8mb4_0900_ai_ci COMMENT='???????';
/*!40101 SET character_set_client = @saved_cs_client */;

--
-- Dumping data for table `emergency_dispatch_command`
--

LOCK TABLES `emergency_dispatch_command` WRITE;
/*!40000 ALTER TABLE `emergency_dispatch_command` DISABLE KEYS */;
INSERT INTO `emergency_dispatch_command` VALUES (1,'CMD20260419001',1,1,28,'设备温度过高，存在安全隐患，需要紧急停机','2026-04-19 19:09:27','2026-04-19 20:09:27',NULL,'2026-04-19 19:09:27',1,NULL,'2026-04-19 19:09:27','2026-04-22 23:29:57'),(2,'CMD20260419002',2,2,29,'电网电压波动，需要限制充电功率','2026-04-19 20:09:27','2026-04-19 22:09:27',NULL,'2026-04-19 20:09:27',1,NULL,'2026-04-19 20:09:27','2026-04-22 23:29:57'),(3,'CMD20260419003',3,3,30,'网络通信异常，需要限流控制','2026-04-19 18:09:27','2026-04-19 20:09:27',NULL,'2026-04-19 18:09:27',2,NULL,'2026-04-19 18:09:27','2026-04-22 23:29:57'),(4,'CMD20260418004',1,4,31,'紧急故障，需要全面停机检修','2026-04-18 21:09:27','2026-04-19 11:09:27',NULL,'2026-04-18 21:09:27',2,NULL,'2026-04-18 21:09:27','2026-04-22 23:29:57'),(5,'CMD20260417005',2,1,28,'负荷过高，需要限制充电功率','2026-04-17 21:09:27','2026-04-18 21:09:27',NULL,'2026-04-17 21:09:27',3,NULL,'2026-04-17 21:09:27','2026-04-22 23:29:57'),(6,'CMD202604229899',1,NULL,28,'',NULL,NULL,1,'2026-04-22 23:17:08',1,NULL,'2026-04-22 23:17:08','2026-04-22 23:29:57'),(7,'CMD202604233952',2,NULL,2,'',NULL,NULL,1,'2026-04-23 11:32:01',1,NULL,'2026-04-23 11:32:00','2026-04-23 11:32:00'),(8,'CMD202604305781',1,NULL,1,'测试',NULL,NULL,1,'2026-04-30 18:03:35',3,'取消原因: 用户撤销','2026-04-30 18:03:35','2026-04-30 18:03:35'),(9,'CMD202604307112',1,NULL,28,'这是测试',NULL,NULL,1,'2026-04-30 18:11:11',3,'取消原因: 用户撤销','2026-04-30 18:11:11','2026-04-30 18:11:11'),(10,'CMD202605032810',1,NULL,28,'测试',NULL,NULL,1,'2026-05-03 13:19:36',3,'取消原因: 用户撤销','2026-05-03 13:19:35','2026-05-03 13:19:35'),(11,'CMD202605032446',1,NULL,28,'这是测试',NULL,NULL,1,'2026-05-03 14:12:22',3,'取消原因: 用户撤销','2026-05-03 14:12:22','2026-05-03 14:12:22');
/*!40000 ALTER TABLE `emergency_dispatch_command` ENABLE KEYS */;
UNLOCK TABLES;

--
-- Table structure for table `fault_ticket`
--

DROP TABLE IF EXISTS `fault_ticket`;
/*!40101 SET @saved_cs_client     = @@character_set_client */;
/*!50503 SET character_set_client = utf8mb4 */;
CREATE TABLE `fault_ticket` (
  `id` bigint NOT NULL AUTO_INCREMENT COMMENT '工单ID',
  `ticket_no` varchar(50) NOT NULL COMMENT '工单编号',
  `device_id` bigint NOT NULL COMMENT '设备ID',
  `station_id` bigint NOT NULL COMMENT '场站ID',
  `fault_type` tinyint DEFAULT NULL COMMENT '故障类型',
  `fault_description` text NOT NULL COMMENT '故障描述',
  `fault_images` varchar(1000) DEFAULT NULL COMMENT '故障图片(逗号分隔)',
  `reporter_id` bigint NOT NULL COMMENT '上报人ID',
  `status` tinyint DEFAULT '0' COMMENT '状态: 0-待处理 1-处理中 2-已完成 3-已关闭 4-已驳回',
  `handler_id` bigint DEFAULT NULL COMMENT '处理人ID',
  `handler_company` varchar(100) DEFAULT NULL COMMENT '处理厂家',
  `start_time` datetime DEFAULT NULL COMMENT '开始处理时间',
  `end_time` datetime DEFAULT NULL COMMENT '完成时间',
  `expected_finish_time` datetime DEFAULT NULL COMMENT '预计完成时间',
  `solution` text COMMENT '解决方案',
  `online_consult_record` text COMMENT '在线咨询记录',
  `attachment_urls` varchar(1000) DEFAULT NULL COMMENT '附件地址',
  `remark` varchar(500) DEFAULT NULL COMMENT '备注',
  `create_time` datetime DEFAULT CURRENT_TIMESTAMP COMMENT '创建时间',
  `update_time` datetime DEFAULT CURRENT_TIMESTAMP ON UPDATE CURRENT_TIMESTAMP COMMENT '更新时间',
  PRIMARY KEY (`id`),
  UNIQUE KEY `ticket_no` (`ticket_no`),
  KEY `idx_device_id` (`device_id`),
  KEY `idx_station_id` (`station_id`),
  KEY `idx_reporter_id` (`reporter_id`),
  KEY `idx_status` (`status`),
  KEY `idx_create_time` (`create_time`)
) ENGINE=InnoDB AUTO_INCREMENT=13 DEFAULT CHARSET=utf8mb4 COLLATE=utf8mb4_0900_ai_ci COMMENT='故障工单表';
/*!40101 SET character_set_client = @saved_cs_client */;

--
-- Dumping data for table `fault_ticket`
--

LOCK TABLES `fault_ticket` WRITE;
/*!40000 ALTER TABLE `fault_ticket` DISABLE KEYS */;
INSERT INTO `fault_ticket` VALUES (1,'FT20260422001',1,28,1,'充电桩显示屏黑屏，无法正常显示充电信息',NULL,1,0,NULL,NULL,'2026-04-22 08:30:00',NULL,'2026-04-22 18:00:00',NULL,NULL,NULL,'已安排维修人员上门检查','2026-04-22 13:52:33','2026-04-22 13:52:33'),(2,'FT20260421002',2,28,2,'充电枪接触不良，用户反馈充电经常中断',NULL,2,1,3,'南方电网维修部','2026-04-21 14:20:00',NULL,'2026-04-22 12:00:00',NULL,NULL,NULL,'已更换充电枪','2026-04-22 13:52:33','2026-04-22 13:52:33'),(3,'FT20260420003',10,32,1,'设备网络连接异常，数据无法上传到平台',NULL,3,2,5,'特来电技术部','2026-04-20 09:15:00','2026-04-21 16:30:00','2026-04-21 18:00:00','更换网络模块，重新配置网络参数',NULL,NULL,'已恢复正常','2026-04-22 13:52:33','2026-04-22 13:52:33'),(4,'FT20260419004',19,35,3,'充电桩外壳破损，存在安全隐患',NULL,4,0,NULL,NULL,'2026-04-19 16:45:00',NULL,'2026-04-23 18:00:00',NULL,NULL,NULL,'需要更换外壳','2026-04-22 13:52:33','2026-04-22 13:52:33'),(5,'FT20260418005',7,30,2,'充电功率不稳定，功率波动超过正常范围',NULL,5,1,8,'星星充电运维部','2026-04-18 11:30:00',NULL,'2026-04-22 12:00:00',NULL,NULL,NULL,'正在排查电源模块','2026-04-22 13:52:33','2026-04-22 13:52:33'),(6,'FT20260417006',8,31,1,'系统提示故障代码E05，无法启动充电',NULL,6,3,10,'云快充技术部','2026-04-17 13:00:00','2026-04-18 10:20:00','2026-04-18 12:00:00','重启控制系统，更新固件版本',NULL,NULL,'已完成修复','2026-04-22 13:52:33','2026-04-22 13:52:33'),(7,'FT20260416007',20,35,4,'充电桩被车辆撞击，整体倾斜',NULL,7,1,NULL,NULL,'2026-04-16 17:30:00',NULL,'2026-04-25 18:00:00',NULL,NULL,NULL,'需要重新固定底座','2026-04-22 13:52:33','2026-05-03 12:00:36'),(8,'FT20260415008',11,29,2,'用户反映充电速度慢，比正常慢50%',NULL,8,2,12,'南方电网维修部','2026-04-15 10:00:00','2026-04-16 15:00:00','2026-04-17 12:00:00','清洁充电接口，检查线路连接',NULL,NULL,'已恢复正常充电速度','2026-04-22 13:52:33','2026-04-22 13:52:33'),(9,'FT20260414009',3,28,1,'支付模块故障，用户无法扫码支付',NULL,9,2,15,'特来电技术部','2026-04-14 09:30:00','2026-04-30 12:06:59','2026-04-22 12:00:00','已处理完成',NULL,'','正在更换支付模块','2026-04-22 13:52:33','2026-04-30 12:06:59'),(10,'FT20260413010',14,32,3,'指示灯不亮，用户无法判断设备状态',NULL,10,3,18,'星星充电运维部','2026-04-13 15:20:00','2026-04-14 11:00:00','2026-04-15 12:00:00','更换LED指示灯模块',NULL,NULL,'已完成维修','2026-04-22 13:52:33','2026-04-22 13:52:33'),(11,'FT20260412011',6,29,2,'温度过高报警，设备自动停机保护',NULL,11,0,NULL,NULL,'2026-04-12 13:45:00',NULL,'2026-04-22 18:00:00',NULL,NULL,NULL,'需要清理散热风扇','2026-04-22 13:52:33','2026-04-22 13:52:33'),(12,'FT20260411012',21,35,1,'通讯模块故障，无法与平台交互',NULL,12,2,20,'云快充技术部','2026-04-11 08:00:00','2026-04-30 11:19:58','2026-04-22 12:00:00','已处理完成',NULL,'','已订购新通讯模块','2026-04-22 13:52:33','2026-04-30 11:19:58');
/*!40000 ALTER TABLE `fault_ticket` ENABLE KEYS */;
UNLOCK TABLES;

--
-- Table structure for table `iot_device_mapping`
--

DROP TABLE IF EXISTS `iot_device_mapping`;
/*!40101 SET @saved_cs_client     = @@character_set_client */;
/*!50503 SET character_set_client = utf8mb4 */;
CREATE TABLE `iot_device_mapping` (
  `id` bigint NOT NULL AUTO_INCREMENT COMMENT '映射ID',
  `local_device_id` bigint NOT NULL COMMENT '本地设备ID',
  `iot_device_code` varchar(100) NOT NULL COMMENT '物联网平台设备编码',
  `api_endpoint` varchar(255) DEFAULT NULL COMMENT '数据获取接口地址',
  `sync_interval` int DEFAULT '10' COMMENT '同步间隔(秒)',
  `last_sync_time` datetime DEFAULT NULL COMMENT '最后同步时间',
  `sync_status` tinyint DEFAULT '0' COMMENT '同步状态: 0-未同步 1-同步中 2-已同步 3-同步失败',
  `create_time` datetime DEFAULT CURRENT_TIMESTAMP COMMENT '创建时间',
  `update_time` datetime DEFAULT CURRENT_TIMESTAMP ON UPDATE CURRENT_TIMESTAMP COMMENT '更新时间',
  PRIMARY KEY (`id`),
  UNIQUE KEY `uk_local_device` (`local_device_id`),
  KEY `idx_iot_device_code` (`iot_device_code`)
) ENGINE=InnoDB DEFAULT CHARSET=utf8mb4 COLLATE=utf8mb4_0900_ai_ci COMMENT='物联网设备映射表';
/*!40101 SET character_set_client = @saved_cs_client */;

--
-- Dumping data for table `iot_device_mapping`
--

LOCK TABLES `iot_device_mapping` WRITE;
/*!40000 ALTER TABLE `iot_device_mapping` DISABLE KEYS */;
/*!40000 ALTER TABLE `iot_device_mapping` ENABLE KEYS */;
UNLOCK TABLES;

--
-- Table structure for table `member_level`
--

DROP TABLE IF EXISTS `member_level`;
/*!40101 SET @saved_cs_client     = @@character_set_client */;
/*!50503 SET character_set_client = utf8mb4 */;
CREATE TABLE `member_level` (
  `id` bigint NOT NULL AUTO_INCREMENT COMMENT '等级ID',
  `level_code` varchar(50) NOT NULL COMMENT '等级编码',
  `level_name` varchar(50) NOT NULL COMMENT '等级名称',
  `discount_rate` decimal(3,2) DEFAULT NULL COMMENT '折扣率(如0.95表示95折)',
  `min_consumption` decimal(10,2) DEFAULT NULL COMMENT '最低消费门槛',
  `description` varchar(255) DEFAULT NULL COMMENT '描述',
  `status` tinyint DEFAULT '1' COMMENT '状态',
  `create_time` datetime DEFAULT CURRENT_TIMESTAMP COMMENT '创建时间',
  PRIMARY KEY (`id`),
  UNIQUE KEY `level_code` (`level_code`)
) ENGINE=InnoDB AUTO_INCREMENT=5 DEFAULT CHARSET=utf8mb4 COLLATE=utf8mb4_0900_ai_ci COMMENT='会员等级表';
/*!40101 SET character_set_client = @saved_cs_client */;

--
-- Dumping data for table `member_level`
--

LOCK TABLES `member_level` WRITE;
/*!40000 ALTER TABLE `member_level` DISABLE KEYS */;
INSERT INTO `member_level` VALUES (1,'NORMAL','普通会员',1.00,0.00,'默认等级',1,'2026-04-18 12:22:53'),(2,'SILVER','银卡会员',0.98,500.00,'累计消费满500元',1,'2026-04-18 12:22:53'),(3,'GOLD','金卡会员',0.95,2000.00,'累计消费满2000元',1,'2026-04-18 12:22:53'),(4,'PLATINUM','铂金会员',0.90,5000.00,'累计消费满5000元',1,'2026-04-18 12:22:53');
/*!40000 ALTER TABLE `member_level` ENABLE KEYS */;
UNLOCK TABLES;

--
-- Table structure for table `menu`
--

DROP TABLE IF EXISTS `menu`;
/*!40101 SET @saved_cs_client     = @@character_set_client */;
/*!50503 SET character_set_client = utf8mb4 */;
CREATE TABLE `menu` (
  `id` bigint NOT NULL AUTO_INCREMENT COMMENT '菜单ID',
  `parent_id` bigint DEFAULT '0' COMMENT '父菜单ID',
  `menu_name` varchar(50) NOT NULL COMMENT '菜单名称',
  `menu_code` varchar(50) DEFAULT NULL COMMENT '菜单编码',
  `menu_icon` varchar(50) DEFAULT NULL COMMENT '菜单图标',
  `menu_path` varchar(100) DEFAULT NULL COMMENT '路由路径',
  `sort_order` int DEFAULT '0' COMMENT '排序',
  `status` tinyint DEFAULT '1' COMMENT '状态: 0-隐藏 1-显示',
  `create_time` datetime DEFAULT CURRENT_TIMESTAMP COMMENT '创建时间',
  PRIMARY KEY (`id`)
) ENGINE=InnoDB AUTO_INCREMENT=8 DEFAULT CHARSET=utf8mb4 COLLATE=utf8mb4_0900_ai_ci COMMENT='菜单权限表';
/*!40101 SET character_set_client = @saved_cs_client */;

--
-- Dumping data for table `menu`
--

LOCK TABLES `menu` WRITE;
/*!40000 ALTER TABLE `menu` DISABLE KEYS */;
INSERT INTO `menu` VALUES (1,0,'场站总览','dashboard','Monitor','/dashboard',1,1,'2026-04-18 12:22:53'),(2,0,'设备管理','device','Cpu','/device',2,1,'2026-04-18 12:22:53'),(3,0,'充电运营','charging','Lightning','/charging',3,1,'2026-04-18 12:22:53'),(4,0,'收益核算','finance','Money','/finance',4,1,'2026-04-18 12:22:53'),(5,0,'运营分析','analytics','TrendCharts','/analytics',5,1,'2026-04-18 12:22:53'),(6,0,'故障申报','fault','Warning','/fault',6,1,'2026-04-18 12:22:53'),(7,0,'系统设置','system','Setting','/system',7,1,'2026-04-18 12:22:53');
/*!40000 ALTER TABLE `menu` ENABLE KEYS */;
UNLOCK TABLES;

--
-- Table structure for table `operation_log`
--

DROP TABLE IF EXISTS `operation_log`;
/*!40101 SET @saved_cs_client     = @@character_set_client */;
/*!50503 SET character_set_client = utf8mb4 */;
CREATE TABLE `operation_log` (
  `id` bigint NOT NULL AUTO_INCREMENT COMMENT '日志ID',
  `user_id` bigint NOT NULL COMMENT '操作用户ID',
  `username` varchar(50) DEFAULT NULL COMMENT '操作用户名',
  `module` varchar(50) DEFAULT NULL COMMENT '操作模块',
  `operation` varchar(100) NOT NULL COMMENT '操作类型',
  `description` varchar(500) DEFAULT NULL COMMENT '操作描述',
  `request_method` varchar(10) DEFAULT NULL COMMENT '请求方法',
  `request_url` varchar(255) DEFAULT NULL COMMENT '请求URL',
  `request_params` text COMMENT '请求参数',
  `ip_address` varchar(50) DEFAULT NULL COMMENT 'IP地址',
  `status` tinyint DEFAULT NULL COMMENT '状态: 0-失败 1-成功',
  `error_msg` text COMMENT '错误信息',
  `duration` int DEFAULT NULL COMMENT '执行时长(ms)',
  `create_time` datetime DEFAULT CURRENT_TIMESTAMP COMMENT '操作时间',
  PRIMARY KEY (`id`),
  KEY `idx_user_id` (`user_id`),
  KEY `idx_module` (`module`),
  KEY `idx_create_time` (`create_time`)
) ENGINE=InnoDB AUTO_INCREMENT=39 DEFAULT CHARSET=utf8mb4 COLLATE=utf8mb4_0900_ai_ci COMMENT='操作日志表';
/*!40101 SET character_set_client = @saved_cs_client */;

--
-- Dumping data for table `operation_log`
--

LOCK TABLES `operation_log` WRITE;
/*!40000 ALTER TABLE `operation_log` DISABLE KEYS */;
INSERT INTO `operation_log` VALUES (1,1,'admin','系统','登录','管理员登录系统','POST','/api/auth/login',NULL,'192.168.1.100',1,NULL,150,'2025-04-23 09:30:15'),(2,1,'admin','设备管理','重启设备','重启 DC-001 设备','POST','/api/devices/1/restart',NULL,'192.168.1.100',1,NULL,2300,'2025-04-23 10:15:22'),(3,2,'operator1','订单管理','订单退款','退款处理 订单#20260423001','POST','/api/orders/1/refund',NULL,'192.168.1.101',1,NULL,800,'2025-04-23 11:20:05'),(4,1,'admin','用户管理','新增用户','新增用户 operator2','POST','/api/users',NULL,'192.168.1.100',1,NULL,450,'2025-04-23 13:45:30'),(5,2,'operator1','故障处理','处理告警','处理设备 AC-003 通信中断告警','PUT','/api/faults/tickets/3/complete',NULL,'192.168.1.101',1,NULL,1200,'2025-04-23 14:10:18'),(6,3,'viewer1','数据查看','查看数据','查看场站总览数据','GET','/api/dashboard/overview',NULL,'192.168.1.102',1,NULL,320,'2025-04-23 15:30:45'),(7,1,'admin','系统配置','修改配置','修改场站配置信息','PUT','/api/station/config',NULL,'192.168.1.100',1,NULL,280,'2025-04-23 16:20:33'),(8,2,'operator1','订单管理','查看订单','查看订单列表','GET','/api/orders',NULL,'192.168.1.101',1,NULL,560,'2025-04-22 09:15:10'),(9,1,'admin','设备管理','新增设备','新增设备 DC-005','POST','/api/devices',NULL,'192.168.1.100',1,NULL,890,'2025-04-22 11:30:25'),(10,4,'operator2','故障申报','提交工单','提交故障工单 FT20260422001','POST','/api/faults/tickets',NULL,'192.168.1.103',1,NULL,670,'2025-04-22 14:45:50'),(11,3,'viewer1','报表管理','导出报表','导出收益报表','GET','/api/reports/revenue/export',NULL,'192.168.1.102',1,NULL,2400,'2025-04-22 16:00:15'),(12,1,'admin','告警配置','修改规则','修改温度过高告警规则','PUT','/api/alarm/rules/1',NULL,'192.168.1.100',1,NULL,340,'2025-04-21 10:30:00'),(13,2,'operator1','设备控制','启动充电','远程启动 DC-002 充电','POST','/api/devices/2/start',NULL,'192.168.1.101',1,NULL,1800,'2025-04-21 13:20:40'),(14,1,'admin','用户管理','修改用户','修改用户 viewer1 信息','PUT','/api/users/3',NULL,'192.168.1.100',1,NULL,290,'2025-04-21 15:10:22'),(15,4,'operator2','报表查看','查看报表','查看运营分析报表','GET','/api/reports/analysis',NULL,'192.168.1.103',1,NULL,780,'2025-04-21 17:45:18'),(16,4,'admin','其他','新增','新增操作 - com.charging.station.entity.V2gActivity@43201f5b','POST','/api/v1/supervision/v2g/activities',NULL,'0:0:0:0:0:0:0:1',1,NULL,0,'2026-04-30 17:23:11'),(17,4,'admin','其他','新增','新增操作 - com.charging.station.entity.DemandResponseActivity@2279d0ef','POST','/api/v1/supervision/v2g/demand-response',NULL,'0:0:0:0:0:0:0:1',1,NULL,0,'2026-04-30 17:55:03'),(18,4,'admin','其他','新增','新增操作 - com.charging.station.dto.EmergencyCommandRequest@f254372','POST','/api/v1/supervision/emergency/commands',NULL,'0:0:0:0:0:0:0:1',1,NULL,0,'2026-04-30 18:03:35'),(19,4,'admin','其他','新增','新增操作 - com.charging.station.dto.EmergencyCommandRequest@30c62a1','POST','/api/v1/supervision/emergency/commands',NULL,'0:0:0:0:0:0:0:1',1,NULL,0,'2026-04-30 18:11:11'),(20,4,'admin','其他','操作','操作操作 - 8','PUT','/api/v1/supervision/emergency/commands/8/cancel',NULL,'0:0:0:0:0:0:0:1',1,NULL,0,'2026-04-30 18:15:21'),(21,0,'anonymous','系统','登录','登录操作 - {username=admin, password=admin123}','POST','/api/auth/login',NULL,'0:0:0:0:0:0:0:1',1,NULL,0,'2026-04-30 18:39:15'),(22,0,'anonymous','系统','登录','登录操作 - {username=admin, password=admin123}','POST','/api/auth/login',NULL,'0:0:0:0:0:0:0:1',1,NULL,0,'2026-04-30 18:39:24'),(23,0,'anonymous','系统','登录','登录操作 - {username=admin, password=admin123}','POST','/api/auth/login',NULL,'0:0:0:0:0:0:0:1',1,NULL,0,'2026-04-30 18:44:03'),(24,0,'anonymous','系统','登录','登录操作 - {username=admin, password=admin123}','POST','/api/auth/login',NULL,'0:0:0:0:0:0:0:1',1,NULL,0,'2026-04-30 18:48:23'),(25,0,'anonymous','系统','登录','登录操作 - {username=admin, password=admin123}','POST','/api/auth/login',NULL,'0:0:0:0:0:0:0:1',1,NULL,0,'2026-04-30 18:49:03'),(26,0,'anonymous','系统','登录','登录操作 - {username=admin, password=admin123}','POST','/api/auth/login',NULL,'0:0:0:0:0:0:0:1',1,NULL,0,'2026-04-30 18:49:44'),(27,0,'anonymous','系统','登录','登录操作 - {username=admin, password=admin123}','POST','/api/auth/login',NULL,'0:0:0:0:0:0:0:1',1,NULL,0,'2026-05-03 02:31:39'),(28,4,'admin','故障处理','修改','修改操作 - 7','PUT','/api/faults/tickets/7/status',NULL,'0:0:0:0:0:0:0:1',1,NULL,0,'2026-05-03 12:00:36'),(29,0,'anonymous','系统','登录','登录操作 - {username=admin, password=admin123}','POST','/api/auth/login',NULL,'0:0:0:0:0:0:0:1',1,NULL,0,'2026-05-03 12:30:25'),(30,0,'anonymous','系统','登录','登录操作 - {username=admin, password=admin123}','POST','/api/auth/login',NULL,'0:0:0:0:0:0:0:1',1,NULL,0,'2026-05-03 12:38:26'),(31,0,'anonymous','其他','新增','新增操作 - com.charging.station.dto.EmergencyCommandRequest@6b063d86','POST','/api/v1/supervision/emergency/commands',NULL,'0:0:0:0:0:0:0:1',1,NULL,0,'2026-05-03 13:19:36'),(32,0,'anonymous','其他','操作','操作操作 - 10','PUT','/api/v1/supervision/emergency/commands/10/cancel',NULL,'0:0:0:0:0:0:0:1',1,NULL,0,'2026-05-03 13:19:43'),(33,0,'anonymous','其他','操作','操作操作 - 9','PUT','/api/v1/supervision/emergency/commands/9/cancel',NULL,'0:0:0:0:0:0:0:1',1,NULL,0,'2026-05-03 13:19:45'),(34,0,'anonymous','系统','登录','登录操作 - {username=admin, password=admin123}','POST','/api/auth/login',NULL,'0:0:0:0:0:0:0:1',1,NULL,0,'2026-05-03 13:38:22'),(35,0,'anonymous','系统','登录','登录操作 - {username=admin, password=admin123}','POST','/api/auth/login',NULL,'0:0:0:0:0:0:0:1',1,NULL,0,'2026-05-03 14:10:27'),(36,0,'anonymous','系统','登录','登录操作 - {username=admin, password=admin123}','POST','/api/auth/login',NULL,'0:0:0:0:0:0:0:1',1,NULL,0,'2026-05-03 14:11:09'),(37,4,'admin','其他','新增','新增操作 - com.charging.station.dto.EmergencyCommandRequest@4a562400','POST','/api/v1/supervision/emergency/commands',NULL,'0:0:0:0:0:0:0:1',1,NULL,0,'2026-05-03 14:12:22'),(38,4,'admin','其他','操作','操作操作 - 11','PUT','/api/v1/supervision/emergency/commands/11/cancel',NULL,'0:0:0:0:0:0:0:1',1,NULL,0,'2026-05-03 14:12:25');
/*!40000 ALTER TABLE `operation_log` ENABLE KEYS */;
UNLOCK TABLES;

--
-- Table structure for table `operator`
--

DROP TABLE IF EXISTS `operator`;
/*!40101 SET @saved_cs_client     = @@character_set_client */;
/*!50503 SET character_set_client = utf8mb4 */;
CREATE TABLE `operator` (
  `id` bigint NOT NULL AUTO_INCREMENT COMMENT '???ID',
  `operator_code` varchar(50) NOT NULL COMMENT '?????',
  `operator_name` varchar(100) NOT NULL COMMENT '?????',
  `credit_code` varchar(50) NOT NULL COMMENT '????????',
  `legal_person` varchar(50) DEFAULT NULL COMMENT '????',
  `contact_person` varchar(50) DEFAULT NULL COMMENT '???',
  `contact_phone` varchar(20) DEFAULT NULL COMMENT '????',
  `contact_email` varchar(100) DEFAULT NULL COMMENT '????',
  `registration_region` varchar(100) DEFAULT NULL COMMENT '????',
  `address` varchar(255) DEFAULT NULL COMMENT '????',
  `business_scope` text COMMENT '????',
  `access_station_count` int DEFAULT '0' COMMENT '?????',
  `qualification_status` tinyint DEFAULT '0' COMMENT '????: 0-??? 1-?? 2-?? 3-???',
  `qualification_valid_date` date DEFAULT NULL COMMENT '?????',
  `rating_grade` varchar(10) DEFAULT NULL COMMENT '????: A/B/C/D',
  `rating_score` decimal(5,2) DEFAULT NULL COMMENT '??(0-100)',
  `violation_count` int DEFAULT '0' COMMENT '????',
  `status` tinyint DEFAULT '1' COMMENT '??: 0-?? 1-??',
  `create_time` datetime DEFAULT CURRENT_TIMESTAMP COMMENT '????',
  `update_time` datetime DEFAULT CURRENT_TIMESTAMP ON UPDATE CURRENT_TIMESTAMP COMMENT '????',
  PRIMARY KEY (`id`),
  UNIQUE KEY `operator_code` (`operator_code`),
  UNIQUE KEY `credit_code` (`credit_code`),
  KEY `idx_credit_code` (`credit_code`),
  KEY `idx_qualification_status` (`qualification_status`),
  KEY `idx_rating_grade` (`rating_grade`)
) ENGINE=InnoDB AUTO_INCREMENT=9 DEFAULT CHARSET=utf8mb4 COLLATE=utf8mb4_0900_ai_ci COMMENT='??????';
/*!40101 SET character_set_client = @saved_cs_client */;

--
-- Dumping data for table `operator`
--

LOCK TABLES `operator` WRITE;
/*!40000 ALTER TABLE `operator` DISABLE KEYS */;
INSERT INTO `operator` VALUES (1,'OP001','Shenzhen Telaidian','91440000000000001X',NULL,'张三','13800138001',NULL,NULL,NULL,NULL,45,1,NULL,'A',95.50,0,1,'2026-04-19 21:09:27','2026-04-22 23:00:28'),(2,'OP002','Shenzhen Star Charging','91440000000000002X',NULL,'李四','13800138002',NULL,NULL,NULL,NULL,38,1,NULL,'A',92.30,0,1,'2026-04-19 21:09:27','2026-04-22 23:00:28'),(3,'OP003','Shenzhen Yunkuaichong','91440000000000003X',NULL,'王五','13800138003',NULL,NULL,NULL,NULL,28,1,NULL,'B',88.70,0,1,'2026-04-19 21:09:27','2026-04-22 23:00:28'),(4,'OP004','Shenzhen Wanma','91440000000000004X',NULL,'赵六','13800138004',NULL,NULL,NULL,NULL,17,0,NULL,'C',75.20,3,1,'2026-04-19 21:09:27','2026-04-22 23:00:28'),(5,'OP005','国家电网','91440000000000005X',NULL,'钱七','13800138005',NULL,NULL,NULL,NULL,52,1,NULL,'A',96.80,0,1,'2026-04-19 21:09:27','2026-04-19 21:09:27'),(6,'OP006','小鹏汽车','91440000000000006X',NULL,'孙八','13800138006',NULL,NULL,NULL,NULL,15,1,NULL,'B',87.50,0,1,'2026-04-19 21:09:27','2026-04-19 21:09:27'),(7,'OP007','蔚来汽车','91440000000000007X',NULL,'周九','13800138007',NULL,NULL,NULL,NULL,12,1,NULL,'B',86.90,0,1,'2026-04-19 21:09:27','2026-04-19 21:09:27'),(8,'OP008','比亚迪','91440000000000008X',NULL,'吴十','13800138008',NULL,NULL,NULL,NULL,35,1,NULL,'A',91.20,0,1,'2026-04-19 21:09:27','2026-04-19 21:09:27');
/*!40000 ALTER TABLE `operator` ENABLE KEYS */;
UNLOCK TABLES;

--
-- Table structure for table `operator_monthly_stats`
--

DROP TABLE IF EXISTS `operator_monthly_stats`;
/*!40101 SET @saved_cs_client     = @@character_set_client */;
/*!50503 SET character_set_client = utf8mb4 */;
CREATE TABLE `operator_monthly_stats` (
  `id` bigint NOT NULL AUTO_INCREMENT COMMENT '??ID',
  `operator_id` bigint NOT NULL COMMENT '???ID',
  `stats_month` varchar(20) NOT NULL COMMENT '????(?: 2025-01)',
  `station_count` int DEFAULT '0' COMMENT '???',
  `device_count` int DEFAULT '0' COMMENT '???',
  `total_energy` decimal(12,2) DEFAULT NULL COMMENT '????(kWh)',
  `total_revenue` decimal(12,2) DEFAULT NULL COMMENT '???(?)',
  `v2g_discharge_energy` decimal(10,2) DEFAULT NULL COMMENT 'V2G???(kWh)',
  `demand_response_energy` decimal(10,2) DEFAULT NULL COMMENT '??????(MWh)',
  `fault_count` int DEFAULT '0' COMMENT '????',
  `complaint_count` int DEFAULT '0' COMMENT '????',
  `create_time` datetime DEFAULT CURRENT_TIMESTAMP COMMENT '????',
  PRIMARY KEY (`id`),
  UNIQUE KEY `uk_operator_month` (`operator_id`,`stats_month`),
  KEY `idx_stats_month` (`stats_month`)
) ENGINE=InnoDB DEFAULT CHARSET=utf8mb4 COLLATE=utf8mb4_0900_ai_ci COMMENT='??????????';
/*!40101 SET character_set_client = @saved_cs_client */;

--
-- Dumping data for table `operator_monthly_stats`
--

LOCK TABLES `operator_monthly_stats` WRITE;
/*!40000 ALTER TABLE `operator_monthly_stats` DISABLE KEYS */;
/*!40000 ALTER TABLE `operator_monthly_stats` ENABLE KEYS */;
UNLOCK TABLES;

--
-- Table structure for table `operator_qualification`
--

DROP TABLE IF EXISTS `operator_qualification`;
/*!40101 SET @saved_cs_client     = @@character_set_client */;
/*!50503 SET character_set_client = utf8mb4 */;
CREATE TABLE `operator_qualification` (
  `id` bigint NOT NULL AUTO_INCREMENT COMMENT '??ID',
  `operator_id` bigint NOT NULL COMMENT '???ID',
  `qualification_type` tinyint NOT NULL COMMENT '????: 1-???? 2-?????? 3-????? 4-??',
  `file_name` varchar(200) DEFAULT NULL COMMENT '????',
  `file_url` varchar(500) NOT NULL COMMENT '??URL',
  `issue_date` date DEFAULT NULL COMMENT '????',
  `expiry_date` date DEFAULT NULL COMMENT '????',
  `audit_status` tinyint DEFAULT '0' COMMENT '????: 0-??? 1-??? 2-???',
  `audit_opinion` varchar(500) DEFAULT NULL COMMENT '????',
  `auditor_id` bigint DEFAULT NULL COMMENT '???ID',
  `audit_time` datetime DEFAULT NULL COMMENT '????',
  `create_time` datetime DEFAULT CURRENT_TIMESTAMP COMMENT '????',
  PRIMARY KEY (`id`),
  KEY `idx_operator_id` (`operator_id`),
  KEY `idx_qualification_type` (`qualification_type`),
  KEY `idx_audit_status` (`audit_status`)
) ENGINE=InnoDB AUTO_INCREMENT=9 DEFAULT CHARSET=utf8mb4 COLLATE=utf8mb4_0900_ai_ci COMMENT='??????';
/*!40101 SET character_set_client = @saved_cs_client */;

--
-- Dumping data for table `operator_qualification`
--

LOCK TABLES `operator_qualification` WRITE;
/*!40000 ALTER TABLE `operator_qualification` DISABLE KEYS */;
INSERT INTO `operator_qualification` VALUES (1,1,1,'电力业务许可证.pdf','/files/qualification/DL2026001.pdf','2024-01-01','2027-01-01',1,'审核通过',NULL,NULL,'2026-04-19 21:09:27'),(2,2,1,'电力业务许可证.pdf','/files/qualification/DL2026002.pdf','2023-06-01','2026-08-01',1,'审核通过',NULL,NULL,'2026-04-19 21:09:27'),(3,3,1,'电力业务许可证.pdf','/files/qualification/DL2026003.pdf','2024-03-15','2027-03-15',1,'审核通过',NULL,NULL,'2026-04-19 21:09:27'),(4,4,1,'电力业务许可证.pdf','/files/qualification/DL2026004.pdf','2023-01-10','2026-01-10',0,'资质已过期',NULL,NULL,'2026-04-19 21:09:27'),(5,5,1,'电力业务许可证.pdf','/files/qualification/DL2026005.pdf','2024-06-01','2027-06-01',1,'审核通过',NULL,NULL,'2026-04-19 21:09:27'),(6,6,2,'营业执照.pdf','/files/qualification/YY2026001.pdf','2024-02-15','2027-02-15',1,'审核通过',NULL,NULL,'2026-04-19 21:09:27'),(7,7,2,'营业执照.pdf','/files/qualification/YY2026002.pdf','2024-04-20','2027-04-20',1,'审核通过',NULL,NULL,'2026-04-19 21:09:27'),(8,8,2,'营业执照.pdf','/files/qualification/YY2026003.pdf','2024-05-10','2027-05-10',1,'审核通过',NULL,NULL,'2026-04-19 21:09:27');
/*!40000 ALTER TABLE `operator_qualification` ENABLE KEYS */;
UNLOCK TABLES;

--
-- Table structure for table `operator_rating`
--

DROP TABLE IF EXISTS `operator_rating`;
/*!40101 SET @saved_cs_client     = @@character_set_client */;
/*!50503 SET character_set_client = utf8mb4 */;
CREATE TABLE `operator_rating` (
  `id` bigint NOT NULL AUTO_INCREMENT COMMENT '??ID',
  `operator_id` bigint NOT NULL COMMENT '???ID',
  `rating_period` varchar(20) NOT NULL COMMENT '????(?: 2025-01)',
  `rating_type` tinyint DEFAULT '1' COMMENT '????: 1-?? 2-?? 3-??',
  `total_score` decimal(5,2) DEFAULT NULL COMMENT '??(0-100)',
  `service_quality_score` decimal(5,2) DEFAULT NULL COMMENT '?????',
  `equipment_status_score` decimal(5,2) DEFAULT NULL COMMENT '?????',
  `compliance_score` decimal(5,2) DEFAULT NULL COMMENT '????',
  `response_score` decimal(5,2) DEFAULT NULL COMMENT '?????',
  `grade` varchar(10) DEFAULT NULL COMMENT '??: A(90-100)/B(75-89)/C(60-74)/D(0-59)',
  `remark` varchar(500) DEFAULT NULL COMMENT '??',
  `create_time` datetime DEFAULT CURRENT_TIMESTAMP COMMENT '????',
  PRIMARY KEY (`id`),
  UNIQUE KEY `uk_operator_period` (`operator_id`,`rating_period`,`rating_type`),
  KEY `idx_operator_id` (`operator_id`),
  KEY `idx_rating_period` (`rating_period`),
  KEY `idx_grade` (`grade`)
) ENGINE=InnoDB DEFAULT CHARSET=utf8mb4 COLLATE=utf8mb4_0900_ai_ci COMMENT='????????';
/*!40101 SET character_set_client = @saved_cs_client */;

--
-- Dumping data for table `operator_rating`
--

LOCK TABLES `operator_rating` WRITE;
/*!40000 ALTER TABLE `operator_rating` DISABLE KEYS */;
/*!40000 ALTER TABLE `operator_rating` ENABLE KEYS */;
UNLOCK TABLES;

--
-- Table structure for table `operator_violation`
--

DROP TABLE IF EXISTS `operator_violation`;
/*!40101 SET @saved_cs_client     = @@character_set_client */;
/*!50503 SET character_set_client = utf8mb4 */;
CREATE TABLE `operator_violation` (
  `id` bigint NOT NULL AUTO_INCREMENT COMMENT '??ID',
  `violation_no` varchar(50) NOT NULL COMMENT '????',
  `operator_id` bigint NOT NULL COMMENT '???ID',
  `violation_type` tinyint NOT NULL COMMENT '????: 1-????? 2-???? 3-?????? 4-???? 5-???? 6-??',
  `violation_content` text COMMENT '????',
  `penalty_type` tinyint DEFAULT NULL COMMENT '????: 1-???? 2-?? 3-???? 4-????',
  `penalty_amount` decimal(10,2) DEFAULT NULL COMMENT '????',
  `rectification_deadline` date DEFAULT NULL COMMENT '????',
  `rectification_status` tinyint DEFAULT '0' COMMENT '????: 0-??? 1-??? 2-???',
  `rectification_result` text COMMENT '????',
  `creator_id` bigint DEFAULT NULL COMMENT '???ID',
  `create_time` datetime DEFAULT CURRENT_TIMESTAMP COMMENT '????',
  `update_time` datetime DEFAULT CURRENT_TIMESTAMP ON UPDATE CURRENT_TIMESTAMP COMMENT '????',
  PRIMARY KEY (`id`),
  UNIQUE KEY `violation_no` (`violation_no`),
  KEY `idx_violation_no` (`violation_no`),
  KEY `idx_operator_id` (`operator_id`),
  KEY `idx_violation_type` (`violation_type`),
  KEY `idx_rectification_status` (`rectification_status`)
) ENGINE=InnoDB AUTO_INCREMENT=4 DEFAULT CHARSET=utf8mb4 COLLATE=utf8mb4_0900_ai_ci COMMENT='????????';
/*!40101 SET character_set_client = @saved_cs_client */;

--
-- Dumping data for table `operator_violation`
--

LOCK TABLES `operator_violation` WRITE;
/*!40000 ALTER TABLE `operator_violation` DISABLE KEYS */;
INSERT INTO `operator_violation` VALUES (1,'VIO20260410001',4,1,'未按规定公示充电服务费标准，存在价格欺诈行为',NULL,5000.00,'2026-05-10',1,'已整改完成，已公示收费标准',NULL,'2026-04-19 21:09:27','2026-04-19 21:09:27'),(2,'VIO20260415002',4,2,'充电桩接地保护装置失效，存在安全隐患',NULL,10000.00,'2026-05-15',0,NULL,NULL,'2026-04-19 21:09:27','2026-04-19 21:09:27'),(3,'VIO20260420003',4,3,'未按时提交月度运营报告',NULL,2000.00,'2026-04-30',0,NULL,NULL,'2026-04-19 21:09:27','2026-04-19 21:09:27');
/*!40000 ALTER TABLE `operator_violation` ENABLE KEYS */;
UNLOCK TABLES;

--
-- Table structure for table `ordered_charging_strategy`
--

DROP TABLE IF EXISTS `ordered_charging_strategy`;
/*!40101 SET @saved_cs_client     = @@character_set_client */;
/*!50503 SET character_set_client = utf8mb4 */;
CREATE TABLE `ordered_charging_strategy` (
  `id` bigint NOT NULL AUTO_INCREMENT COMMENT '??ID',
  `strategy_no` varchar(50) NOT NULL COMMENT '????',
  `station_id` bigint NOT NULL COMMENT '??ID',
  `station_name` varchar(100) DEFAULT NULL COMMENT '????',
  `operator_id` bigint DEFAULT NULL COMMENT '???ID',
  `strategy_type` tinyint NOT NULL COMMENT '????: 1-?????? 2-?????? 3-????',
  `start_time` datetime NOT NULL COMMENT '????',
  `end_time` datetime DEFAULT NULL COMMENT '????',
  `target_load_shift` decimal(10,2) DEFAULT NULL COMMENT '????????(kWh)',
  `actual_load_shift` decimal(10,2) DEFAULT '0.00' COMMENT '????????(kWh)',
  `execution_rate` decimal(5,2) DEFAULT NULL COMMENT '???(%)',
  `valley_charge_ratio_increase` decimal(5,2) DEFAULT NULL COMMENT '?????????(%)',
  `status` tinyint DEFAULT '0' COMMENT '??: 0-??? 1-??? 2-??? 3-???',
  `remark` varchar(500) DEFAULT NULL COMMENT '??',
  `create_time` datetime DEFAULT CURRENT_TIMESTAMP COMMENT '????',
  `update_time` datetime DEFAULT CURRENT_TIMESTAMP ON UPDATE CURRENT_TIMESTAMP COMMENT '????',
  PRIMARY KEY (`id`),
  UNIQUE KEY `strategy_no` (`strategy_no`),
  KEY `idx_strategy_no` (`strategy_no`),
  KEY `idx_station_id` (`station_id`),
  KEY `idx_operator_id` (`operator_id`),
  KEY `idx_status` (`status`)
) ENGINE=InnoDB AUTO_INCREMENT=9 DEFAULT CHARSET=utf8mb4 COLLATE=utf8mb4_0900_ai_ci COMMENT='???????';
/*!40101 SET character_set_client = @saved_cs_client */;

--
-- Dumping data for table `ordered_charging_strategy`
--

LOCK TABLES `ordered_charging_strategy` WRITE;
/*!40000 ALTER TABLE `ordered_charging_strategy` DISABLE KEYS */;
INSERT INTO `ordered_charging_strategy` VALUES (1,'OCS20260501001',28,'南山科技园充电站',1,3,'2026-05-01 23:00:00','2026-05-02 07:00:00',180.00,170.00,94.50,22.00,3,'南山科技园夜间电价优化策略','2026-04-30 10:00:00','2026-05-02 08:00:00'),(2,'OCS20260502002',32,'福田CBD充电站',2,2,'2026-05-02 11:00:00','2026-05-02 15:00:00',150.00,135.00,90.00,18.00,3,'福田CBD午间光伏消纳优先','2026-05-01 09:00:00','2026-05-02 16:00:00'),(3,'OCS20260503003',35,'宝安中心充电站',3,1,'2026-05-03 22:00:00','2026-05-04 06:00:00',130.00,45.00,35.00,8.00,1,'宝安中心台区容量约束策略','2026-05-03 08:00:00','2026-05-03 20:00:00'),(4,'OCS20260503004',29,'南山前海充电站',1,3,'2026-05-03 23:00:00','2026-05-04 07:00:00',160.00,0.00,0.00,0.00,0,'南山前海夜间电价优化（待执行）','2026-05-03 10:00:00','2026-05-03 10:00:00'),(5,'OCS20260430005',33,'福田中心充电站',2,1,'2026-04-30 22:00:00','2026-05-01 06:00:00',140.00,132.00,94.30,20.00,3,'福田中心容量约束策略','2026-04-29 09:00:00','2026-05-01 07:00:00'),(6,'OCS20260428006',36,'宝安西乡充电站',3,2,'2026-04-28 12:00:00','2026-04-28 16:00:00',120.00,108.00,90.00,15.00,3,'宝安西乡午间光伏消纳','2026-04-27 10:00:00','2026-04-28 17:00:00'),(7,'OCS20260505007',34,'福田华强北充电站',2,3,'2026-05-05 23:00:00','2026-05-06 07:00:00',200.00,0.00,0.00,0.00,0,'华强北夜间电价优化（待执行）','2026-05-03 16:00:00','2026-05-03 16:00:00'),(8,'OCS20260420008',31,'南山西丽充电站',1,1,'2026-04-20 22:00:00','2026-04-21 06:00:00',100.00,60.00,60.00,12.00,2,'西丽台区容量约束（暂停中）','2026-04-19 10:00:00','2026-04-22 08:00:00');
/*!40000 ALTER TABLE `ordered_charging_strategy` ENABLE KEYS */;
UNLOCK TABLES;

--
-- Table structure for table `policy`
--

DROP TABLE IF EXISTS `policy`;
/*!40101 SET @saved_cs_client     = @@character_set_client */;
/*!50503 SET character_set_client = utf8mb4 */;
CREATE TABLE `policy` (
  `id` bigint NOT NULL AUTO_INCREMENT COMMENT '??ID',
  `policy_no` varchar(50) NOT NULL COMMENT '????',
  `title` varchar(200) NOT NULL COMMENT '????',
  `content` text COMMENT '????',
  `attachment_urls` varchar(1000) DEFAULT NULL COMMENT '??URL(????)',
  `publisher_id` bigint DEFAULT NULL COMMENT '???ID',
  `publish_time` datetime DEFAULT NULL COMMENT '????',
  `status` tinyint DEFAULT '0' COMMENT '??: 0-?? 1-??? 2-???',
  `create_time` datetime DEFAULT CURRENT_TIMESTAMP COMMENT '????',
  `update_time` datetime DEFAULT CURRENT_TIMESTAMP ON UPDATE CURRENT_TIMESTAMP COMMENT '????',
  PRIMARY KEY (`id`),
  UNIQUE KEY `policy_no` (`policy_no`),
  KEY `idx_policy_no` (`policy_no`),
  KEY `idx_status` (`status`),
  KEY `idx_publish_time` (`publish_time`)
) ENGINE=InnoDB AUTO_INCREMENT=5 DEFAULT CHARSET=utf8mb4 COLLATE=utf8mb4_0900_ai_ci COMMENT='???';
/*!40101 SET character_set_client = @saved_cs_client */;

--
-- Dumping data for table `policy`
--

LOCK TABLES `policy` WRITE;
/*!40000 ALTER TABLE `policy` DISABLE KEYS */;
INSERT INTO `policy` VALUES (1,'POL2026001','深圳市新能源汽车充电设施建设补贴实施细则','为加快新能源汽车充电基础设施建设，特制定本实施细则。对符合条件的新建充电站给予建设补贴，标准为每桩5000元...',NULL,NULL,'2026-04-01 00:00:00',1,'2026-04-19 21:09:27','2026-04-19 21:09:27'),(2,'POL2026002','深圳市充电站安全运营管理规定','为规范充电站安全运营管理，保障人民群众生命财产安全，特制定本规定...',NULL,NULL,'2026-03-15 00:00:00',1,'2026-04-19 21:09:27','2026-04-19 21:09:27'),(3,'POL2026003','深圳市V2G技术应用推广方案','为推动V2G技术在深圳市的应用推广，促进新能源汽车与电网融合发展，特制定本方案...',NULL,NULL,'2026-02-20 00:00:00',1,'2026-04-19 21:09:27','2026-04-19 21:09:27'),(4,'POL2026004','深圳市充电服务收费管理办法','为规范充电服务收费行为，维护充电服务市场秩序，特制定本办法...',NULL,NULL,'2026-01-10 00:00:00',1,'2026-04-19 21:09:27','2026-04-19 21:09:27');
/*!40000 ALTER TABLE `policy` ENABLE KEYS */;
UNLOCK TABLES;

--
-- Table structure for table `policy_push_record`
--

DROP TABLE IF EXISTS `policy_push_record`;
/*!40101 SET @saved_cs_client     = @@character_set_client */;
/*!50503 SET character_set_client = utf8mb4 */;
CREATE TABLE `policy_push_record` (
  `id` bigint NOT NULL AUTO_INCREMENT COMMENT '??ID',
  `policy_id` bigint NOT NULL COMMENT '??ID',
  `operator_id` bigint NOT NULL COMMENT '???ID',
  `push_time` datetime DEFAULT CURRENT_TIMESTAMP COMMENT '????',
  `read_status` tinyint DEFAULT '0' COMMENT '????: 0-?? 1-??',
  `read_time` datetime DEFAULT NULL COMMENT '????',
  PRIMARY KEY (`id`),
  UNIQUE KEY `uk_policy_operator` (`policy_id`,`operator_id`),
  KEY `idx_policy_id` (`policy_id`),
  KEY `idx_operator_id` (`operator_id`)
) ENGINE=InnoDB DEFAULT CHARSET=utf8mb4 COLLATE=utf8mb4_0900_ai_ci COMMENT='???????';
/*!40101 SET character_set_client = @saved_cs_client */;

--
-- Dumping data for table `policy_push_record`
--

LOCK TABLES `policy_push_record` WRITE;
/*!40000 ALTER TABLE `policy_push_record` DISABLE KEYS */;
/*!40000 ALTER TABLE `policy_push_record` ENABLE KEYS */;
UNLOCK TABLES;

--
-- Table structure for table `rate_config`
--

DROP TABLE IF EXISTS `rate_config`;
/*!40101 SET @saved_cs_client     = @@character_set_client */;
/*!50503 SET character_set_client = utf8mb4 */;
CREATE TABLE `rate_config` (
  `id` bigint NOT NULL AUTO_INCREMENT COMMENT '费率ID',
  `station_id` bigint NOT NULL COMMENT '场站ID',
  `rate_type` tinyint NOT NULL COMMENT '费率类型: 1-峰时段 2-平时段 3-谷时段',
  `start_time` time NOT NULL COMMENT '开始时间',
  `end_time` time NOT NULL COMMENT '结束时间',
  `electricity_price` decimal(10,4) NOT NULL COMMENT '电价(元/kWh)',
  `service_price` decimal(10,4) NOT NULL COMMENT '服务费(元/kWh)',
  `parking_price` decimal(10,2) DEFAULT NULL COMMENT '占位费(元/小时)',
  `effective_date` date NOT NULL COMMENT '生效日期',
  `expiry_date` date DEFAULT NULL COMMENT '失效日期',
  `status` tinyint DEFAULT '1' COMMENT '状态: 0-停用 1-启用',
  `operator_id` bigint DEFAULT NULL COMMENT '操作人ID',
  `create_time` datetime DEFAULT CURRENT_TIMESTAMP COMMENT '创建时间',
  PRIMARY KEY (`id`),
  KEY `idx_station_id` (`station_id`),
  KEY `idx_effective_date` (`effective_date`)
) ENGINE=InnoDB DEFAULT CHARSET=utf8mb4 COLLATE=utf8mb4_0900_ai_ci COMMENT='费率配置表';
/*!40101 SET character_set_client = @saved_cs_client */;

--
-- Dumping data for table `rate_config`
--

LOCK TABLES `rate_config` WRITE;
/*!40000 ALTER TABLE `rate_config` DISABLE KEYS */;
/*!40000 ALTER TABLE `rate_config` ENABLE KEYS */;
UNLOCK TABLES;

--
-- Table structure for table `rate_config_log`
--

DROP TABLE IF EXISTS `rate_config_log`;
/*!40101 SET @saved_cs_client     = @@character_set_client */;
/*!50503 SET character_set_client = utf8mb4 */;
CREATE TABLE `rate_config_log` (
  `id` bigint NOT NULL AUTO_INCREMENT COMMENT '记录ID',
  `rate_config_id` bigint NOT NULL COMMENT '费率配置ID',
  `old_electricity_price` decimal(10,4) DEFAULT NULL COMMENT '旧电价',
  `new_electricity_price` decimal(10,4) DEFAULT NULL COMMENT '新电价',
  `old_service_price` decimal(10,4) DEFAULT NULL COMMENT '旧服务费',
  `new_service_price` decimal(10,4) DEFAULT NULL COMMENT '新服务费',
  `change_reason` varchar(255) DEFAULT NULL COMMENT '调整原因',
  `operator_id` bigint DEFAULT NULL COMMENT '操作人ID',
  `create_time` datetime DEFAULT CURRENT_TIMESTAMP COMMENT '创建时间',
  PRIMARY KEY (`id`),
  KEY `idx_rate_config_id` (`rate_config_id`)
) ENGINE=InnoDB DEFAULT CHARSET=utf8mb4 COLLATE=utf8mb4_0900_ai_ci COMMENT='费率调整记录表';
/*!40101 SET character_set_client = @saved_cs_client */;

--
-- Dumping data for table `rate_config_log`
--

LOCK TABLES `rate_config_log` WRITE;
/*!40000 ALTER TABLE `rate_config_log` DISABLE KEYS */;
/*!40000 ALTER TABLE `rate_config_log` ENABLE KEYS */;
UNLOCK TABLES;

--
-- Table structure for table `rectification_notice`
--

DROP TABLE IF EXISTS `rectification_notice`;
/*!40101 SET @saved_cs_client     = @@character_set_client */;
/*!50503 SET character_set_client = utf8mb4 */;
CREATE TABLE `rectification_notice` (
  `id` bigint NOT NULL AUTO_INCREMENT COMMENT '??ID',
  `notice_no` varchar(50) NOT NULL COMMENT '????',
  `notice_type` tinyint NOT NULL COMMENT '????: 1-???? 2-???? 3-????',
  `target_operator_id` bigint NOT NULL COMMENT '?????ID',
  `target_device_id` bigint DEFAULT NULL COMMENT '????ID',
  `target_station_id` bigint DEFAULT NULL COMMENT '????ID',
  `issue_reason` text COMMENT '????',
  `rectification_requirement` text COMMENT '????',
  `deadline` date DEFAULT NULL COMMENT '????',
  `issuer_id` bigint DEFAULT NULL COMMENT '???ID',
  `issue_time` datetime DEFAULT CURRENT_TIMESTAMP COMMENT '????',
  `status` tinyint DEFAULT '0' COMMENT '??: 0-??? 1-??? 2-??? 3-???',
  `completion_result` text COMMENT '????',
  `create_time` datetime DEFAULT CURRENT_TIMESTAMP COMMENT '????',
  `update_time` datetime DEFAULT CURRENT_TIMESTAMP ON UPDATE CURRENT_TIMESTAMP COMMENT '????',
  PRIMARY KEY (`id`),
  UNIQUE KEY `notice_no` (`notice_no`),
  KEY `idx_notice_no` (`notice_no`),
  KEY `idx_target_operator_id` (`target_operator_id`),
  KEY `idx_status` (`status`)
) ENGINE=InnoDB DEFAULT CHARSET=utf8mb4 COLLATE=utf8mb4_0900_ai_ci COMMENT='?????';
/*!40101 SET character_set_client = @saved_cs_client */;

--
-- Dumping data for table `rectification_notice`
--

LOCK TABLES `rectification_notice` WRITE;
/*!40000 ALTER TABLE `rectification_notice` DISABLE KEYS */;
/*!40000 ALTER TABLE `rectification_notice` ENABLE KEYS */;
UNLOCK TABLES;

--
-- Table structure for table `region`
--

DROP TABLE IF EXISTS `region`;
/*!40101 SET @saved_cs_client     = @@character_set_client */;
/*!50503 SET character_set_client = utf8mb4 */;
CREATE TABLE `region` (
  `id` bigint NOT NULL AUTO_INCREMENT COMMENT '??ID',
  `region_code` varchar(50) NOT NULL COMMENT '????',
  `parent_code` varchar(50) DEFAULT NULL COMMENT '??????',
  `region_name` varchar(100) NOT NULL COMMENT '????',
  `region_level` tinyint NOT NULL COMMENT '??: 1-? 2-? 3-??',
  `sort_order` int DEFAULT '0' COMMENT '??',
  `status` tinyint DEFAULT '1' COMMENT '??: 0-?? 1-??',
  `create_time` datetime DEFAULT CURRENT_TIMESTAMP COMMENT '????',
  `update_time` datetime DEFAULT CURRENT_TIMESTAMP ON UPDATE CURRENT_TIMESTAMP COMMENT '????',
  PRIMARY KEY (`id`),
  UNIQUE KEY `region_code` (`region_code`),
  KEY `idx_parent_code` (`parent_code`),
  KEY `idx_region_level` (`region_level`)
) ENGINE=InnoDB AUTO_INCREMENT=18 DEFAULT CHARSET=utf8mb4 COLLATE=utf8mb4_0900_ai_ci COMMENT='?????';
/*!40101 SET character_set_client = @saved_cs_client */;

--
-- Dumping data for table `region`
--

LOCK TABLES `region` WRITE;
/*!40000 ALTER TABLE `region` DISABLE KEYS */;
INSERT INTO `region` VALUES (1,'440300','440000','深圳市',1,1,1,'2026-04-19 21:09:27','2026-04-19 21:09:27'),(2,'440305','440300','南山区',2,1,1,'2026-04-19 21:09:27','2026-04-19 21:09:27'),(3,'440305001','440305','南头街道',3,1,1,'2026-04-19 21:09:27','2026-04-19 21:09:27'),(4,'440305006','440305','粤海街道',3,6,1,'2026-04-19 21:09:27','2026-04-19 21:09:27'),(5,'440305002','440305','南山街道',3,2,1,'2026-04-19 21:09:27','2026-04-19 21:09:27'),(6,'440305003','440305','西丽街道',3,3,1,'2026-04-19 21:09:27','2026-04-19 21:09:27'),(7,'440305005','440305','蛇口街道',3,5,1,'2026-04-19 21:09:27','2026-04-19 21:09:27'),(8,'440304','440300','福田区',2,2,1,'2026-04-19 21:09:27','2026-04-19 21:09:27'),(9,'440304001','440304','福田街道',3,1,1,'2026-04-19 21:09:27','2026-04-19 21:09:27'),(10,'440304005','440304','莲花街道',3,5,1,'2026-04-19 21:09:27','2026-04-19 21:09:27'),(11,'440304004','440304','华强北街道',3,4,1,'2026-04-19 21:09:27','2026-04-19 21:09:27'),(12,'440306','440300','宝安区',2,3,1,'2026-04-19 21:09:27','2026-04-19 21:09:27'),(13,'440306001','440306','新安街道',3,1,1,'2026-04-19 21:09:27','2026-04-19 21:09:27'),(14,'440306002','440306','西乡街道',3,2,1,'2026-04-19 21:09:27','2026-04-19 21:09:27'),(15,'440303','440300','罗湖区',2,4,1,'2026-04-19 21:09:27','2026-04-19 21:09:27'),(16,'440303003','440303','南湖街道',3,3,1,'2026-04-19 21:09:27','2026-04-19 21:09:27'),(17,'440303002','440303','东门街道',3,2,1,'2026-04-19 21:09:27','2026-04-19 21:09:27');
/*!40000 ALTER TABLE `region` ENABLE KEYS */;
UNLOCK TABLES;

--
-- Table structure for table `reservation`
--

DROP TABLE IF EXISTS `reservation`;
/*!40101 SET @saved_cs_client     = @@character_set_client */;
/*!50503 SET character_set_client = utf8mb4 */;
CREATE TABLE `reservation` (
  `id` bigint NOT NULL AUTO_INCREMENT COMMENT '预约ID',
  `reservation_no` varchar(50) NOT NULL COMMENT '预约单号',
  `user_id` bigint NOT NULL COMMENT '用户ID',
  `device_id` bigint DEFAULT NULL COMMENT '预约设备ID',
  `station_id` bigint NOT NULL COMMENT '场站ID',
  `start_time` datetime NOT NULL COMMENT '预约开始时间',
  `end_time` datetime DEFAULT NULL COMMENT '预约结束时间',
  `status` tinyint DEFAULT '0' COMMENT '状态: 0-待确认 1-已确认 2-已取消 3-已过期 4-已完成',
  `cancel_reason` varchar(255) DEFAULT NULL COMMENT '取消原因',
  `remark` varchar(500) DEFAULT NULL COMMENT '备注',
  `create_time` datetime DEFAULT CURRENT_TIMESTAMP COMMENT '创建时间',
  `update_time` datetime DEFAULT CURRENT_TIMESTAMP ON UPDATE CURRENT_TIMESTAMP COMMENT '更新时间',
  PRIMARY KEY (`id`),
  UNIQUE KEY `reservation_no` (`reservation_no`),
  KEY `idx_user_id` (`user_id`),
  KEY `idx_device_id` (`device_id`),
  KEY `idx_start_time` (`start_time`),
  KEY `idx_status` (`status`)
) ENGINE=InnoDB DEFAULT CHARSET=utf8mb4 COLLATE=utf8mb4_0900_ai_ci COMMENT='充电预约表';
/*!40101 SET character_set_client = @saved_cs_client */;

--
-- Dumping data for table `reservation`
--

LOCK TABLES `reservation` WRITE;
/*!40000 ALTER TABLE `reservation` DISABLE KEYS */;
/*!40000 ALTER TABLE `reservation` ENABLE KEYS */;
UNLOCK TABLES;

--
-- Table structure for table `role`
--

DROP TABLE IF EXISTS `role`;
/*!40101 SET @saved_cs_client     = @@character_set_client */;
/*!50503 SET character_set_client = utf8mb4 */;
CREATE TABLE `role` (
  `id` bigint NOT NULL AUTO_INCREMENT COMMENT '角色ID',
  `role_code` varchar(50) NOT NULL COMMENT '角色编码',
  `role_name` varchar(50) NOT NULL COMMENT '角色名称',
  `description` varchar(255) DEFAULT NULL COMMENT '角色描述',
  `status` tinyint DEFAULT '1' COMMENT '状态: 0-禁用 1-启用',
  `create_time` datetime DEFAULT CURRENT_TIMESTAMP COMMENT '创建时间',
  `update_time` datetime DEFAULT CURRENT_TIMESTAMP ON UPDATE CURRENT_TIMESTAMP COMMENT '更新时间',
  PRIMARY KEY (`id`),
  UNIQUE KEY `role_code` (`role_code`)
) ENGINE=InnoDB AUTO_INCREMENT=4 DEFAULT CHARSET=utf8mb4 COLLATE=utf8mb4_0900_ai_ci COMMENT='角色表';
/*!40101 SET character_set_client = @saved_cs_client */;

--
-- Dumping data for table `role`
--

LOCK TABLES `role` WRITE;
/*!40000 ALTER TABLE `role` DISABLE KEYS */;
INSERT INTO `role` VALUES (1,'ADMIN','超级管理员','系统超级管理员，拥有所有权限',1,'2026-04-18 12:22:53','2026-04-18 12:22:53'),(2,'OPERATION','运营岗','负责充电运营、收益核算、运营分析',1,'2026-04-18 12:22:53','2026-04-18 12:22:53'),(3,'MAINTENANCE','运维岗','负责设备管理、故障申报、设备运维',1,'2026-04-18 12:22:53','2026-04-18 12:22:53');
/*!40000 ALTER TABLE `role` ENABLE KEYS */;
UNLOCK TABLES;

--
-- Table structure for table `role_menu`
--

DROP TABLE IF EXISTS `role_menu`;
/*!40101 SET @saved_cs_client     = @@character_set_client */;
/*!50503 SET character_set_client = utf8mb4 */;
CREATE TABLE `role_menu` (
  `id` bigint NOT NULL AUTO_INCREMENT COMMENT '关联ID',
  `role_id` bigint NOT NULL COMMENT '角色ID',
  `menu_id` bigint NOT NULL COMMENT '菜单ID',
  PRIMARY KEY (`id`),
  UNIQUE KEY `uk_role_menu` (`role_id`,`menu_id`),
  KEY `idx_role_id` (`role_id`),
  KEY `idx_menu_id` (`menu_id`)
) ENGINE=InnoDB AUTO_INCREMENT=15 DEFAULT CHARSET=utf8mb4 COLLATE=utf8mb4_0900_ai_ci COMMENT='角色菜单关联表';
/*!40101 SET character_set_client = @saved_cs_client */;

--
-- Dumping data for table `role_menu`
--

LOCK TABLES `role_menu` WRITE;
/*!40000 ALTER TABLE `role_menu` DISABLE KEYS */;
INSERT INTO `role_menu` VALUES (1,1,1),(2,1,2),(3,1,3),(4,1,4),(5,1,5),(6,1,6),(7,1,7),(8,2,1),(9,2,3),(10,2,4),(11,2,5),(12,3,1),(13,3,2),(14,3,6);
/*!40000 ALTER TABLE `role_menu` ENABLE KEYS */;
UNLOCK TABLES;

--
-- Table structure for table `station`
--

DROP TABLE IF EXISTS `station`;
/*!40101 SET @saved_cs_client     = @@character_set_client */;
/*!50503 SET character_set_client = utf8mb4 */;
CREATE TABLE `station` (
  `id` bigint NOT NULL AUTO_INCREMENT COMMENT '场站ID',
  `operator_id` bigint DEFAULT NULL COMMENT '?????ID',
  `region_code` varchar(50) DEFAULT NULL COMMENT '????(?/?/??)',
  `name` varchar(100) NOT NULL COMMENT '场站名称',
  `code` varchar(50) NOT NULL COMMENT '场站编码',
  `logo_url` varchar(255) DEFAULT NULL COMMENT 'LOGO地址',
  `address` varchar(255) DEFAULT NULL COMMENT '场站地址',
  `coordinate_lat` decimal(10,6) DEFAULT NULL COMMENT '??',
  `coordinate_lng` decimal(10,6) DEFAULT NULL COMMENT '??',
  `contact_phone` varchar(20) DEFAULT NULL COMMENT '联系电话',
  `contact_person` varchar(50) DEFAULT NULL COMMENT '???',
  `rated_capacity` decimal(10,2) DEFAULT NULL COMMENT '变压器额定容量(kVA)',
  `business_hours` varchar(100) DEFAULT NULL COMMENT '营业时间',
  `status` tinyint DEFAULT '1' COMMENT '状态: 0-停用 1-正常',
  `access_status` tinyint DEFAULT '0' COMMENT '????: 0-??? 1-??? 2-?? 3-???',
  `last_report_time` datetime DEFAULT NULL COMMENT '??????',
  `create_time` datetime DEFAULT CURRENT_TIMESTAMP COMMENT '创建时间',
  `update_time` datetime DEFAULT CURRENT_TIMESTAMP ON UPDATE CURRENT_TIMESTAMP COMMENT '更新时间',
  PRIMARY KEY (`id`),
  UNIQUE KEY `code` (`code`),
  KEY `idx_operator_id` (`operator_id`),
  KEY `idx_region_code` (`region_code`),
  KEY `idx_access_status` (`access_status`)
) ENGINE=InnoDB AUTO_INCREMENT=39 DEFAULT CHARSET=utf8mb4 COLLATE=utf8mb4_0900_ai_ci COMMENT='场站信息表';
/*!40101 SET character_set_client = @saved_cs_client */;

--
-- Dumping data for table `station`
--

LOCK TABLES `station` WRITE;
/*!40000 ALTER TABLE `station` DISABLE KEYS */;
INSERT INTO `station` VALUES (28,1,'440305006','南山科技园充电站','STA001',NULL,'深圳市南山区粤海街道科技南路88号',22.532456,113.946789,'0755-88880001','张经理',NULL,NULL,1,1,'2026-04-19 21:09:27','2026-04-19 21:09:27','2026-04-19 21:09:27'),(29,1,'440305005','南山前海充电站','STA002',NULL,'深圳市南山区蛇口街道前湾路168号',22.510234,113.920567,'0755-88880002','李经理',NULL,NULL,1,1,'2026-04-19 21:09:27','2026-04-19 21:09:27','2026-04-19 21:09:27'),(30,1,'440305002','南山中心充电站','STA003',NULL,'深圳市南山区南山街道南海大道2000号',22.518901,113.928456,'0755-88880003','王经理',NULL,NULL,1,1,'2026-04-19 21:09:27','2026-04-19 21:09:27','2026-04-19 21:09:27'),(31,1,'440305003','南山西丽充电站','STA004',NULL,'深圳市南山区西丽街道留仙大道3000号',22.580123,113.950234,'0755-88880004','赵经理',NULL,NULL,1,1,'2026-04-19 21:09:27','2026-04-19 21:09:27','2026-04-19 21:09:27'),(32,2,'440304001','福田CBD充电站','STA005',NULL,'深圳市福田区福田街道福华路200号',22.534567,114.062345,'0755-88881001','孙经理',NULL,NULL,1,1,'2026-04-19 21:09:27','2026-04-19 21:09:27','2026-04-19 21:09:27'),(33,2,'440304005','福田中心充电站','STA006',NULL,'深圳市福田区莲花街道红荔路6008号',22.545678,114.056789,'0755-88881002','周经理',NULL,NULL,1,1,'2026-04-19 21:09:27','2026-04-19 21:09:27','2026-04-19 21:09:27'),(34,2,'440304004','福田华强北充电站','STA007',NULL,'深圳市福田区华强北街道华强北路1000号',22.543210,114.087654,'0755-88881003','吴经理',NULL,NULL,1,1,'2026-04-19 21:09:27','2026-04-19 21:09:27','2026-04-19 21:09:27'),(35,3,'440306001','宝安中心充电站','STA008',NULL,'深圳市宝安区新安街道创业一路5000号',22.550123,113.888765,'0755-88882001','郑经理',NULL,NULL,1,1,'2026-04-19 21:09:27','2026-04-19 21:09:27','2026-04-19 21:09:27'),(36,3,'440306002','宝安西乡充电站','STA009',NULL,'深圳市宝安区西乡街道宝源路6000号',22.578901,113.862345,'0755-88882002','冯经理',NULL,NULL,1,1,'2026-04-19 21:09:27','2026-04-19 21:09:27','2026-04-19 21:09:27'),(37,4,'440303003','罗湖口岸充电站','STA010',NULL,'深圳市罗湖区南湖街道人民南路1000号',22.535678,114.118901,'0755-88883001','陈经理',NULL,NULL,1,0,'2026-04-19 21:09:27','2026-04-19 21:09:27','2026-04-19 21:09:27'),(38,4,'440303002','罗湖商业城充电站','STA011',NULL,'深圳市罗湖区东门街道解放路2000号',22.543456,114.120123,'0755-88883002','楚经理',NULL,NULL,1,0,'2026-04-19 21:09:27','2026-04-19 21:09:27','2026-04-19 21:09:27');
/*!40000 ALTER TABLE `station` ENABLE KEYS */;
UNLOCK TABLES;

--
-- Table structure for table `station_config`
--

DROP TABLE IF EXISTS `station_config`;
/*!40101 SET @saved_cs_client     = @@character_set_client */;
/*!50503 SET character_set_client = utf8mb4 */;
CREATE TABLE `station_config` (
  `id` bigint NOT NULL AUTO_INCREMENT COMMENT '配置ID',
  `station_id` bigint NOT NULL COMMENT '场站ID',
  `config_key` varchar(100) NOT NULL COMMENT '配置键',
  `config_value` text COMMENT '配置值',
  `config_desc` varchar(255) DEFAULT NULL COMMENT '配置说明',
  `create_time` datetime DEFAULT CURRENT_TIMESTAMP COMMENT '创建时间',
  `update_time` datetime DEFAULT CURRENT_TIMESTAMP ON UPDATE CURRENT_TIMESTAMP COMMENT '更新时间',
  PRIMARY KEY (`id`),
  UNIQUE KEY `uk_station_key` (`station_id`,`config_key`)
) ENGINE=InnoDB DEFAULT CHARSET=utf8mb4 COLLATE=utf8mb4_0900_ai_ci COMMENT='场站配置表';
/*!40101 SET character_set_client = @saved_cs_client */;

--
-- Dumping data for table `station_config`
--

LOCK TABLES `station_config` WRITE;
/*!40000 ALTER TABLE `station_config` DISABLE KEYS */;
/*!40000 ALTER TABLE `station_config` ENABLE KEYS */;
UNLOCK TABLES;

--
-- Table structure for table `subsidy_application`
--

DROP TABLE IF EXISTS `subsidy_application`;
/*!40101 SET @saved_cs_client     = @@character_set_client */;
/*!50503 SET character_set_client = utf8mb4 */;
CREATE TABLE `subsidy_application` (
  `id` bigint NOT NULL AUTO_INCREMENT COMMENT '??ID',
  `application_no` varchar(50) NOT NULL COMMENT '????',
  `operator_id` bigint NOT NULL COMMENT '???ID',
  `subsidy_type` tinyint NOT NULL COMMENT '????: 1-???? 2-???? 3-V2G?? 4-??????',
  `subsidy_period` varchar(20) DEFAULT NULL COMMENT '????(?: 2025-Q1)',
  `total_amount` decimal(12,2) NOT NULL COMMENT '????(?)',
  `supporting_data` text COMMENT '????(JSON??)',
  `current_audit_stage` tinyint DEFAULT '1' COMMENT '??????: 1-?? 2-?? 3-??',
  `audit_status` tinyint DEFAULT '0' COMMENT '????: 0-??? 1-???? 2-???? 3-???? 4-???? 5-???? 6-????',
  `status` tinyint DEFAULT '0' COMMENT '????: 0-??? 1-??? 2-???',
  `create_time` datetime DEFAULT CURRENT_TIMESTAMP COMMENT '????',
  `update_time` datetime DEFAULT CURRENT_TIMESTAMP ON UPDATE CURRENT_TIMESTAMP COMMENT '????',
  PRIMARY KEY (`id`),
  UNIQUE KEY `application_no` (`application_no`),
  KEY `idx_application_no` (`application_no`),
  KEY `idx_operator_id` (`operator_id`),
  KEY `idx_audit_status` (`audit_status`),
  KEY `idx_current_audit_stage` (`current_audit_stage`)
) ENGINE=InnoDB AUTO_INCREMENT=5 DEFAULT CHARSET=utf8mb4 COLLATE=utf8mb4_0900_ai_ci COMMENT='?????';
/*!40101 SET character_set_client = @saved_cs_client */;

--
-- Dumping data for table `subsidy_application`
--

LOCK TABLES `subsidy_application` WRITE;
/*!40000 ALTER TABLE `subsidy_application` DISABLE KEYS */;
INSERT INTO `subsidy_application` VALUES (1,'SUB20260419001',1,1,'2026-Q1',150000.00,NULL,1,0,0,'2026-04-18 21:09:27','2026-04-18 21:09:27'),(2,'SUB20260418002',2,2,'2026-03',85000.00,NULL,2,0,0,'2026-04-17 21:09:27','2026-04-17 21:09:27'),(3,'SUB20260415003',3,1,'2026-Q1',220000.00,NULL,3,1,0,'2026-04-14 21:09:27','2026-04-19 21:09:27'),(4,'SUB20260410004',4,2,'2026-03',45000.00,NULL,1,2,0,'2026-04-09 21:09:27','2026-04-11 21:09:27');
/*!40000 ALTER TABLE `subsidy_application` ENABLE KEYS */;
UNLOCK TABLES;

--
-- Table structure for table `subsidy_audit_record`
--

DROP TABLE IF EXISTS `subsidy_audit_record`;
/*!40101 SET @saved_cs_client     = @@character_set_client */;
/*!50503 SET character_set_client = utf8mb4 */;
CREATE TABLE `subsidy_audit_record` (
  `id` bigint NOT NULL AUTO_INCREMENT COMMENT '??ID',
  `application_id` bigint NOT NULL COMMENT '??ID',
  `audit_stage` tinyint NOT NULL COMMENT '????: 1-?? 2-?? 3-??',
  `audit_result` tinyint NOT NULL COMMENT '????: 1-?? 2-??',
  `audit_opinion` varchar(1000) DEFAULT NULL COMMENT '????',
  `auditor_id` bigint NOT NULL COMMENT '???ID',
  `auditor_name` varchar(50) DEFAULT NULL COMMENT '?????',
  `audit_time` datetime DEFAULT CURRENT_TIMESTAMP COMMENT '????',
  `create_time` datetime DEFAULT CURRENT_TIMESTAMP COMMENT '????',
  PRIMARY KEY (`id`),
  KEY `idx_application_id` (`application_id`),
  KEY `idx_auditor_id` (`auditor_id`)
) ENGINE=InnoDB DEFAULT CHARSET=utf8mb4 COLLATE=utf8mb4_0900_ai_ci COMMENT='???????';
/*!40101 SET character_set_client = @saved_cs_client */;

--
-- Dumping data for table `subsidy_audit_record`
--

LOCK TABLES `subsidy_audit_record` WRITE;
/*!40000 ALTER TABLE `subsidy_audit_record` DISABLE KEYS */;
/*!40000 ALTER TABLE `subsidy_audit_record` ENABLE KEYS */;
UNLOCK TABLES;

--
-- Table structure for table `subsidy_record`
--

DROP TABLE IF EXISTS `subsidy_record`;
/*!40101 SET @saved_cs_client     = @@character_set_client */;
/*!50503 SET character_set_client = utf8mb4 */;
CREATE TABLE `subsidy_record` (
  `id` bigint NOT NULL AUTO_INCREMENT COMMENT '????ID',
  `application_id` bigint NOT NULL COMMENT '??ID',
  `operator_id` bigint NOT NULL COMMENT '???ID',
  `amount` decimal(12,2) NOT NULL COMMENT '????(?)',
  `grant_time` datetime DEFAULT NULL COMMENT '????',
  `grant_batch_no` varchar(50) DEFAULT NULL COMMENT '?????',
  `remark` varchar(500) DEFAULT NULL COMMENT '??',
  `create_time` datetime DEFAULT CURRENT_TIMESTAMP COMMENT '????',
  PRIMARY KEY (`id`),
  KEY `idx_application_id` (`application_id`),
  KEY `idx_operator_id` (`operator_id`),
  KEY `idx_grant_time` (`grant_time`)
) ENGINE=InnoDB DEFAULT CHARSET=utf8mb4 COLLATE=utf8mb4_0900_ai_ci COMMENT='???????';
/*!40101 SET character_set_client = @saved_cs_client */;

--
-- Dumping data for table `subsidy_record`
--

LOCK TABLES `subsidy_record` WRITE;
/*!40000 ALTER TABLE `subsidy_record` DISABLE KEYS */;
/*!40000 ALTER TABLE `subsidy_record` ENABLE KEYS */;
UNLOCK TABLES;

--
-- Table structure for table `user`
--

DROP TABLE IF EXISTS `user`;
/*!40101 SET @saved_cs_client     = @@character_set_client */;
/*!50503 SET character_set_client = utf8mb4 */;
CREATE TABLE `user` (
  `id` bigint NOT NULL AUTO_INCREMENT COMMENT '用户ID',
  `username` varchar(50) NOT NULL COMMENT '用户名',
  `password` varchar(100) NOT NULL COMMENT '密码(加密)',
  `real_name` varchar(50) NOT NULL COMMENT '真实姓名',
  `phone` varchar(20) DEFAULT NULL COMMENT '手机号',
  `email` varchar(100) DEFAULT NULL COMMENT '邮箱',
  `avatar_url` varchar(255) DEFAULT NULL COMMENT '头像地址',
  `status` tinyint DEFAULT '1' COMMENT '状态: 0-禁用 1-启用',
  `last_login_time` datetime DEFAULT NULL COMMENT '最后登录时间',
  `create_time` datetime DEFAULT CURRENT_TIMESTAMP COMMENT '创建时间',
  `update_time` datetime DEFAULT CURRENT_TIMESTAMP ON UPDATE CURRENT_TIMESTAMP COMMENT '更新时间',
  PRIMARY KEY (`id`),
  UNIQUE KEY `username` (`username`)
) ENGINE=InnoDB AUTO_INCREMENT=6 DEFAULT CHARSET=utf8mb4 COLLATE=utf8mb4_0900_ai_ci COMMENT='系统用户表';
/*!40101 SET character_set_client = @saved_cs_client */;

--
-- Dumping data for table `user`
--

LOCK TABLES `user` WRITE;
/*!40000 ALTER TABLE `user` DISABLE KEYS */;
INSERT INTO `user` VALUES (4,'admin','$2a$10$qIs7JryTmPcD18mMhVmPuubj.dF0tCxUyZE.0QBzl3AoNOGeN2uCu','admin','13800138000','admin@test.com',NULL,1,'2026-05-03 14:11:09','2026-04-19 00:54:04','2026-04-19 00:57:59'),(5,'test','123456','测试','18837945549','3423445366@qq.com',NULL,1,NULL,'2026-04-30 12:53:00','2026-04-30 12:53:00');
/*!40000 ALTER TABLE `user` ENABLE KEYS */;
UNLOCK TABLES;

--
-- Table structure for table `user_role`
--

DROP TABLE IF EXISTS `user_role`;
/*!40101 SET @saved_cs_client     = @@character_set_client */;
/*!50503 SET character_set_client = utf8mb4 */;
CREATE TABLE `user_role` (
  `id` bigint NOT NULL AUTO_INCREMENT COMMENT '关联ID',
  `user_id` bigint NOT NULL COMMENT '用户ID',
  `role_id` bigint NOT NULL COMMENT '角色ID',
  `create_time` datetime DEFAULT CURRENT_TIMESTAMP COMMENT '创建时间',
  PRIMARY KEY (`id`),
  UNIQUE KEY `uk_user_role` (`user_id`,`role_id`),
  KEY `idx_user_id` (`user_id`),
  KEY `idx_role_id` (`role_id`)
) ENGINE=InnoDB AUTO_INCREMENT=3 DEFAULT CHARSET=utf8mb4 COLLATE=utf8mb4_0900_ai_ci COMMENT='用户角色关联表';
/*!40101 SET character_set_client = @saved_cs_client */;

--
-- Dumping data for table `user_role`
--

LOCK TABLES `user_role` WRITE;
/*!40000 ALTER TABLE `user_role` DISABLE KEYS */;
INSERT INTO `user_role` VALUES (1,1,1,'2026-04-18 12:22:53'),(2,4,1,'2026-04-19 01:00:12');
/*!40000 ALTER TABLE `user_role` ENABLE KEYS */;
UNLOCK TABLES;

--
-- Table structure for table `v2g_activity`
--

DROP TABLE IF EXISTS `v2g_activity`;
/*!40101 SET @saved_cs_client     = @@character_set_client */;
/*!50503 SET character_set_client = utf8mb4 */;
CREATE TABLE `v2g_activity` (
  `id` bigint NOT NULL AUTO_INCREMENT COMMENT '??ID',
  `activity_no` varchar(50) NOT NULL COMMENT '????',
  `activity_name` varchar(200) NOT NULL COMMENT '????',
  `start_time` datetime NOT NULL COMMENT '????',
  `end_time` datetime DEFAULT NULL COMMENT '????',
  `region_code` varchar(50) DEFAULT NULL COMMENT '??????',
  `organizer` varchar(100) DEFAULT NULL COMMENT '???(??/???)',
  `target_discharge_energy` decimal(10,2) DEFAULT NULL COMMENT '??????(kWh)',
  `actual_discharge_energy` decimal(10,2) DEFAULT '0.00' COMMENT '??????(kWh)',
  `participating_station_count` int DEFAULT '0' COMMENT '?????',
  `participating_vehicle_count` int DEFAULT '0' COMMENT '?????',
  `avg_discharge_price` decimal(5,2) DEFAULT NULL COMMENT '??????(?/kWh)',
  `status` tinyint DEFAULT '0' COMMENT '??: 0-??? 1-??? 2-??? 3-???',
  `remark` varchar(500) DEFAULT NULL COMMENT '??',
  `create_time` datetime DEFAULT CURRENT_TIMESTAMP COMMENT '????',
  `update_time` datetime DEFAULT CURRENT_TIMESTAMP ON UPDATE CURRENT_TIMESTAMP COMMENT '????',
  PRIMARY KEY (`id`),
  UNIQUE KEY `activity_no` (`activity_no`),
  KEY `idx_activity_no` (`activity_no`),
  KEY `idx_region_code` (`region_code`),
  KEY `idx_status` (`status`),
  KEY `idx_start_time` (`start_time`)
) ENGINE=InnoDB AUTO_INCREMENT=13 DEFAULT CHARSET=utf8mb4 COLLATE=utf8mb4_0900_ai_ci COMMENT='V2G???';
/*!40101 SET character_set_client = @saved_cs_client */;

--
-- Dumping data for table `v2g_activity`
--

LOCK TABLES `v2g_activity` WRITE;
/*!40000 ALTER TABLE `v2g_activity` DISABLE KEYS */;
INSERT INTO `v2g_activity` VALUES (1,'V2G20260501001','南山V2G调峰活动#5','2026-05-01 08:00:00','2026-05-05 20:00:00','440305','1',8000.00,5200.00,4,156,0.88,1,'南山片区五一假期V2G削峰填谷','2026-04-28 10:00:00','2026-05-03 15:00:00'),(2,'V2G20260503002','福田CBD有序充电试点','2026-05-03 09:00:00','2026-05-10 18:00:00','440304','2',4500.00,820.00,3,42,0.82,1,'福田CBD办公区有序充电试点项目','2026-05-01 14:00:00','2026-05-03 14:30:00'),(3,'V2G20260503003','宝安工业园区V2G示范','2026-05-02 10:00:00','2026-05-08 20:00:00','440306','3',3500.00,1650.00,2,58,0.78,1,'宝安工业园区V2G放电示范','2026-04-30 09:00:00','2026-05-03 10:00:00'),(4,'V2G20260420001','龙岗居民区V2G试点','2026-04-20 08:00:00','2026-04-27 20:00:00','440307','5',6000.00,5850.00,3,178,0.85,2,'龙岗区居民社区V2G试点活动','2026-04-18 09:00:00','2026-04-28 10:00:00'),(5,'V2G20260415002','盐田港口V2G调度','2026-04-15 06:00:00','2026-04-22 22:00:00','440308','5',12000.00,11200.00,5,320,0.92,2,'盐田港物流车辆V2G集中调度','2026-04-12 08:00:00','2026-04-23 09:00:00'),(6,'V2G20260410003','坪山新能源车V2G活动','2026-04-10 09:00:00','2026-04-17 18:00:00','440310','8',7500.00,7200.00,3,210,0.80,2,'坪山区比亚迪车主V2G专场','2026-04-08 10:00:00','2026-04-18 11:00:00'),(7,'V2G20260405004','龙华超充站V2G示范','2026-04-05 08:00:00','2026-04-12 20:00:00','440309','6',4000.00,3850.00,2,95,0.75,2,'龙华区超充站V2G示范项目','2026-04-03 09:00:00','2026-04-13 10:00:00'),(8,'V2G20260401005','光明科学城V2G调度','2026-04-01 10:00:00','2026-04-08 18:00:00','440311','7',5000.00,3200.00,2,88,0.70,2,'光明科学城园区V2G调度（部分车辆提前退出）','2026-03-30 08:00:00','2026-04-09 10:00:00'),(9,'V2G20260508006','罗湖商业区V2G调峰','2026-05-08 08:00:00','2026-05-15 20:00:00','440303','4',5500.00,0.00,0,0,0.80,0,'罗湖商业区V2G调峰活动（待启动）','2026-05-02 15:00:00','2026-05-02 15:00:00'),(10,'V2G20260510007','福田华强北V2G活动','2026-05-10 09:00:00','2026-05-17 18:00:00','440304','2',4000.00,0.00,0,0,0.82,0,'华强北商圈V2G放电活动','2026-05-03 10:00:00','2026-05-03 10:00:00'),(11,'V2G20260515008','南山前海自贸区V2G','2026-05-15 10:00:00','2026-05-22 20:00:00','440305','1',6500.00,0.00,0,0,0.90,0,'前海自贸区V2G示范活动','2026-05-01 09:00:00','2026-05-01 09:00:00'),(12,'V2G20260428009','宝安机场V2G试点','2026-04-28 08:00:00','2026-05-05 20:00:00','440306','3',3000.00,0.00,0,0,0.75,3,'因机场区域电网检修取消','2026-04-25 10:00:00','2026-04-27 16:00:00');
/*!40000 ALTER TABLE `v2g_activity` ENABLE KEYS */;
UNLOCK TABLES;

--
-- Table structure for table `v2g_activity_participant`
--

DROP TABLE IF EXISTS `v2g_activity_participant`;
/*!40101 SET @saved_cs_client     = @@character_set_client */;
/*!50503 SET character_set_client = utf8mb4 */;
CREATE TABLE `v2g_activity_participant` (
  `id` bigint NOT NULL AUTO_INCREMENT COMMENT '????ID',
  `activity_id` bigint NOT NULL COMMENT '??ID',
  `operator_id` bigint NOT NULL COMMENT '???ID',
  `station_id` bigint NOT NULL COMMENT '??ID',
  `discharge_energy` decimal(10,2) DEFAULT '0.00' COMMENT '????(kWh)',
  `discharge_duration` int DEFAULT NULL COMMENT '????(??)',
  `discharge_revenue` decimal(10,2) DEFAULT NULL COMMENT '????(?)',
  `create_time` datetime DEFAULT CURRENT_TIMESTAMP COMMENT '????',
  PRIMARY KEY (`id`),
  KEY `idx_activity_id` (`activity_id`),
  KEY `idx_operator_id` (`operator_id`),
  KEY `idx_station_id` (`station_id`)
) ENGINE=InnoDB AUTO_INCREMENT=54 DEFAULT CHARSET=utf8mb4 COLLATE=utf8mb4_0900_ai_ci COMMENT='V2G???????';
/*!40101 SET character_set_client = @saved_cs_client */;

--
-- Dumping data for table `v2g_activity_participant`
--

LOCK TABLES `v2g_activity_participant` WRITE;
/*!40000 ALTER TABLE `v2g_activity_participant` DISABLE KEYS */;
INSERT INTO `v2g_activity_participant` VALUES (32,1,1,28,1650.00,480,1452.00,'2026-05-02 15:00:00'),(33,1,1,29,1420.00,420,1249.60,'2026-05-02 15:00:00'),(34,1,1,30,1080.00,360,950.40,'2026-05-03 10:00:00'),(35,1,1,31,1050.00,300,924.00,'2026-05-03 14:00:00'),(36,2,2,32,520.00,180,426.40,'2026-05-03 14:00:00'),(37,2,2,33,300.00,120,246.00,'2026-05-03 16:00:00'),(38,3,3,35,1050.00,360,819.00,'2026-05-03 12:00:00'),(39,3,3,36,600.00,240,468.00,'2026-05-03 15:00:00'),(40,4,5,28,2100.00,600,1785.00,'2026-04-22 10:00:00'),(41,4,5,29,1950.00,540,1657.50,'2026-04-23 10:00:00'),(42,4,5,30,1800.00,480,1530.00,'2026-04-24 10:00:00'),(43,5,5,35,3800.00,900,3496.00,'2026-04-18 12:00:00'),(44,5,5,36,3600.00,840,3312.00,'2026-04-19 12:00:00'),(45,5,6,32,2200.00,600,2024.00,'2026-04-20 12:00:00'),(46,5,7,33,1600.00,480,1472.00,'2026-04-20 12:00:00'),(47,6,8,34,4000.00,960,3200.00,'2026-04-14 10:00:00'),(48,6,8,37,2000.00,540,1600.00,'2026-04-15 10:00:00'),(49,6,8,38,1200.00,360,960.00,'2026-04-16 10:00:00'),(50,7,6,35,2200.00,600,1650.00,'2026-04-09 10:00:00'),(51,7,6,36,1650.00,480,1237.50,'2026-04-10 10:00:00'),(52,8,7,28,1800.00,540,1260.00,'2026-04-06 12:00:00'),(53,8,7,32,1400.00,420,980.00,'2026-04-07 12:00:00');
/*!40000 ALTER TABLE `v2g_activity_participant` ENABLE KEYS */;
UNLOCK TABLES;

--
-- Table structure for table `v2g_effect_stats`
--

DROP TABLE IF EXISTS `v2g_effect_stats`;
/*!40101 SET @saved_cs_client     = @@character_set_client */;
/*!50503 SET character_set_client = utf8mb4 */;
CREATE TABLE `v2g_effect_stats` (
  `id` bigint NOT NULL AUTO_INCREMENT COMMENT '??ID',
  `stats_period` varchar(20) NOT NULL COMMENT '????(?: 2025-01)',
  `stats_type` tinyint NOT NULL COMMENT '????: 1-?? 2-?? 3-??',
  `total_peak_shave_energy` decimal(10,2) DEFAULT NULL COMMENT '??????(MWh)',
  `total_valley_fill_energy` decimal(10,2) DEFAULT NULL COMMENT '??????(MWh)',
  `total_renewable_energy` decimal(10,2) DEFAULT NULL COMMENT '??????????(MWh)',
  `total_user_revenue` decimal(12,2) DEFAULT NULL COMMENT '????????(?)',
  `v2g_activity_count` int DEFAULT '0' COMMENT 'V2G????',
  `demand_response_count` int DEFAULT '0' COMMENT '??????',
  `create_time` datetime DEFAULT CURRENT_TIMESTAMP COMMENT '????',
  PRIMARY KEY (`id`),
  UNIQUE KEY `uk_period_type` (`stats_period`,`stats_type`)
) ENGINE=InnoDB DEFAULT CHARSET=utf8mb4 COLLATE=utf8mb4_0900_ai_ci COMMENT='?????????';
/*!40101 SET character_set_client = @saved_cs_client */;

--
-- Dumping data for table `v2g_effect_stats`
--

LOCK TABLES `v2g_effect_stats` WRITE;
/*!40000 ALTER TABLE `v2g_effect_stats` DISABLE KEYS */;
/*!40000 ALTER TABLE `v2g_effect_stats` ENABLE KEYS */;
UNLOCK TABLES;

--
-- Dumping routines for database 'charging_station'
--
/*!40103 SET TIME_ZONE=@OLD_TIME_ZONE */;

/*!40101 SET SQL_MODE=@OLD_SQL_MODE */;
/*!40014 SET FOREIGN_KEY_CHECKS=@OLD_FOREIGN_KEY_CHECKS */;
/*!40014 SET UNIQUE_CHECKS=@OLD_UNIQUE_CHECKS */;
/*!40101 SET CHARACTER_SET_CLIENT=@OLD_CHARACTER_SET_CLIENT */;
/*!40101 SET CHARACTER_SET_RESULTS=@OLD_CHARACTER_SET_RESULTS */;
/*!40101 SET COLLATION_CONNECTION=@OLD_COLLATION_CONNECTION */;
/*!40111 SET SQL_NOTES=@OLD_SQL_NOTES */;

-- Dump completed on 2026-05-03 16:13:52
